iter	RMSE
0	6.775096599
1	6.542777313
2	6.305723963
3	6.135265514
4	5.98068219
5	5.813068812
6	5.636544387
7	5.460344273
8	5.324706591
9	5.16426458
10	5.055765911
11	4.958202964
12	4.892819548
13	4.809156875
14	4.729498512
15	4.597239273
16	4.517086771
17	4.386698272
18	4.311678499
19	4.214195448
