iter	RMSE
0	6.23402913
1	5.866464149
2	5.44575793
3	5.136625013
4	4.763418627
5	4.49148506
6	4.243521488
7	3.979608217
8	3.81145072
9	3.715590443
10	3.540980936
11	3.400248815
12	3.233437831
13	3.119066705
14	3.021554089
15	2.931531218
16	2.801905868
17	2.672191284
18	2.573523064
19	2.485765338
20	2.401414396
21	2.33740741
22	2.266758718
23	2.196258802
24	2.14207102
25	2.066446678
26	2.021124421
27	1.945046862
28	1.906922514
29	1.864766592
288
