iter	RMSE
0	1.163090761
1	1.141791546
2	1.128268722
3	1.118214015
4	1.105060726
5	1.096572992
6	1.082419023
7	1.075941943
8	1.067233569
9	1.056262608
