iter	RMSE
0	0.3503799327
1	0.2927193415
2	0.2730469138
3	0.2519981085
4	0.2440752589
5	0.2373343755
6	0.2260347192
7	0.2181675547
8	0.1981159075
9	0.1905139429
10	0.1840726043
11	0.1759775941
12	0.1686461141
13	0.1642509942
14	0.1575750754
15	0.1528481841
16	0.1460724205
17	0.1409635604
18	0.1356213697
19	0.1294079263
20	0.1206058176
21	0.116555338
22	0.1098564052
23	0.1080649563
24	0.1031631274
25	0.09882579146
26	0.09631621049
27	0.09454502912
28	0.0922783424
29	0.09098934186
