iter	RMSE
0	6.135557681
1	5.166592125
