iter	RMSE
0	1.150731179
1	1.107683859
