iter	RMSE
0	1.138873076
1	1.098858346
