iter	RMSE
0	4.818001522
1	4.125668392
2	3.646438078
3	3.191649581
4	2.829542595
5	2.567628831
6	2.197830959
7	1.779603834
8	1.638836285
9	1.256610292
10	0.9706577549
11	0.8413636005
12	0.7299123952
13	0.6075187976
14	0.5824426878
15	0.4717723003
16	0.3701993931
17	0.286359505
18	0.2385688948
19	0.2154456528
20	0.1710148832
21	0.1527828579
22	0.1433995711
23	0.1210297127
24	0.1033164752
25	0.07920045769
26	0.06560650832
27	0.05295142063
28	0.0449049249
29	0.0390204768
