iter	RMSE
0	1.132491854
1	1.029071006
