iter	RMSE
0	3.285298744
1	2.877262368
2	2.285959247
3	2.107518647
4	1.960636992
5	1.844881867
6	1.780074527
7	1.696591494
8	1.616062236
9	1.54433931
