iter	RMSE
0	1.180097751
1	1.164698215
