iter	RMSE
0	1.152187815
1	1.05678955
