iter	RMSE
0	0.3599730249
1	0.3373054831
2	0.3234941365
3	0.3049626241
4	0.2832283153
5	0.2700454756
6	0.2582843046
7	0.2467517992
8	0.23400489
9	0.2209789898
10	0.2149075289
11	0.208955134
12	0.1996134155
13	0.191780953
14	0.1819186979
15	0.1752760867
16	0.1684201758
17	0.1635895976
18	0.156553859
19	0.1538656877
20	0.1513261245
21	0.1449569342
22	0.1366208781
23	0.1329909996
24	0.1263803294
25	0.1241583978
26	0.1169349569
27	0.1148431262
28	0.1122010025
29	0.1072453718
549
