iter	RMSE
0	1.128793349
1	1.122956889
