iter	RMSE
0	3.132018446
1	2.687560697
2	2.191580889
3	1.872009661
4	1.780487529
5	1.686312828
6	1.603101193
7	1.538949829
8	1.502256261
9	1.453726106
10	1.402638548
11	1.348608474
12	1.294994244
13	1.257422927
14	1.221638886
15	1.187267714
16	1.156347964
17	1.132994658
18	1.115394962
19	1.089479433
20	1.065206287
21	1.035706802
22	1.015926611
23	0.9921341847
24	0.9691077936
25	0.9443975814
26	0.9254687329
27	0.8986579484
28	0.8807678704
29	0.8650607579
