iter	RMSE
0	1.165126025
1	1.138166646
