iter	RMSE
0	4.494741375
1	4.238069141
