iter	RMSE
0	0.2892625694
1	0.2428303248
2	0.2045869128
3	0.1861299912
4	0.1705449434
5	0.1454200013
6	0.1320958586
7	0.119083834
8	0.0969525043
9	0.08756660592
10	0.07489400566
11	0.06245948319
12	0.0520949496
13	0.04757938111
14	0.03965984101
15	0.03770820346
16	0.03264650894
17	0.02981141764
18	0.02489872555
19	0.0224798307
2
