iter	RMSE
0	4.251893781
1	3.793253943
2	3.528272477
3	3.332293187
4	3.108801527
5	2.941758046
6	2.783923479
7	2.594130864
8	2.478887239
9	2.394452997
