iter	RMSE
0	1.151031113
1	1.106151634
