iter	RMSE
0	1.140593743
1	1.083101889
