iter	RMSE
0	4.469036545
1	4.304304286
2	4.223817822
3	4.118363049
4	3.999309965
5	3.872768164
6	3.735665108
7	3.627432457
8	3.532980481
9	3.443553442
10	3.370986519
11	3.318334202
12	3.272688277
13	3.221782778
14	3.17212886
15	3.118119017
16	3.058913571
17	2.999439672
18	2.964814679
19	2.934673756
20	2.897430286
21	2.861981895
22	2.815486506
23	2.785017682
24	2.730781438
25	2.701499967
26	2.663013927
27	2.625998081
28	2.601281421
29	2.569518504
