iter	RMSE
0	1.190032112
1	1.168398803
