iter	RMSE
0	4.769650441
1	4.548100226
