iter	RMSE
0	0.2710000435
1	0.2665158317
2	0.2631828754
3	0.2602455131
4	0.2595667971
5	0.2559269302
6	0.2518900867
7	0.2481656479
8	0.2442760324
9	0.2412839124
