iter	RMSE
0	0.2740824221
1	0.2725759339
2	0.2709802117
3	0.269672194
4	0.2684665602
5	0.2674407964
6	0.2665157523
7	0.2656572908
8	0.2644272173
9	0.2629577649
10	0.2614750177
11	0.25951005
12	0.2586804847
13	0.257262736
14	0.2558119774
15	0.2543060625
16	0.2534702369
17	0.2528542116
18	0.2504374822
19	0.2490357326
20	0.2472864969
21	0.2461722984
22	0.2454176588
23	0.2448787046
24	0.244281774
25	0.2427328034
26	0.2411447815
27	0.2402714035
28	0.2395424535
29	0.2382876886
