iter	RMSE
0	59.04450808
1	46.90590171
