{"learner":{"attributes":{"scikit_learn":"{\"_estimator_type\": \"regressor\"}"},"feature_names":[],"feature_types":[],"gradient_booster":{"model":{"gbtree_model_param":{"num_parallel_tree":"1","num_trees":"2"},"iteration_indptr":[0,1,2],"tree_info":[0,0],"trees":[{"base_weights":[5.0736638E-8,-9.377097E0,1.8536123E0,-1.1995773E1,-5.6813507E0,-4.105291E-1,5.680765E0,-3.0146086E0,-5.821491E0,-3.2776132E0,-1.517724E0,-3.6766657E-1,3.3897092E0,1.8269974E0,4.790638E0],"categories":[],"categories_nodes":[],"categories_segments":[],"categories_sizes":[],"default_left":[0,0,0,0,0,0,0,0,0,0,0,0,0,0,0],"id":0,"left_children":[1,3,5,7,9,11,13,-1,-1,-1,-1,-1,-1,-1,-1],"loss_changes":[3.5805894E3,2.6089844E2,1.4927491E3,1.0704028E2,4.4773804E1,5.0037576E2,3.938711E2,0E0,0E0,0E0,0E0,0E0,0E0,0E0,0E0],"parents":[2147483647,0,0,1,1,2,2,3,3,4,4,5,5,6,6],"right_children":[2,4,6,8,10,12,14,-1,-1,-1,-1,-1,-1,-1,-1],"split_conditions":[-6.4676267E-1,-1.5247658E-2,4.747715E-1,-4.2184092E-2,8.348319E-2,1.7427636E0,9.52999E-1,-3.0146086E0,-5.821491E0,-3.2776132E0,-1.517724E0,-3.6766657E-1,3.3897092E0,1.8269974E0,4.790638E0],"split_indices":[4,23,67,45,64,96,4,0,0,0,0,0,0,0,0],"split_type":[0,0,0,0,0,0,0,0,0,0,0,0,0,0,0],"sum_hessian":[2.04E2,3.3E1,1.71E2,1.8E1,1.5E1,1.08E2,6.3E1,8E0,1E1,5E0,1E1,1.03E2,5E0,5.5E1,8E0],"tree_param":{"num_deleted":"0","num_feature":"100","num_nodes":"15","size_leaf_vector":"1"}},{"base_weights":[-1.9472035E-2,-5.4832854E0,1.2972268E0,-4.773062E0,-4.435226E0,-6.496935E-1,3.2519748E0,-2.6818674E0,-9.1377556E-1,-4.2960906E-1,3.2421587E0,5.6332535E-1,1.9416488E0],"categories":[],"categories_nodes":[],"categories_segments":[],"categories_sizes":[],"default_left":[0,0,0,0,0,0,0,0,0,0,0,0,0],"id":1,"left_children":[1,3,5,-1,7,9,11,-1,-1,-1,-1,-1,-1],"loss_changes":[1.4819233E3,2.1744885E2,6.3386536E2,0E0,1.6040277E2,3.2076874E2,2.3833081E2,0E0,0E0,0E0,0E0,0E0,0E0],"parents":[2147483647,0,0,1,1,2,2,4,4,5,5,6,6],"right_children":[2,4,6,-1,8,10,12,-1,-1,-1,-1,-1,-1],"split_conditions":[-4.2443398E-1,-2.4533691E0,2.3418061E-1,-4.773062E0,-1.0432812E0,9.597367E-1,1.6008091E-1,-2.6818674E0,-9.1377556E-1,-4.2960906E-1,3.2421587E0,5.6332535E-1,1.9416488E0],"split_indices":[4,50,67,0,67,40,72,0,0,0,0,0,0],"split_type":[0,0,0,0,0,0,0,0,0,0,0,0,0],"sum_hessian":[2.04E2,3.9E1,1.65E2,4E0,3.5E1,8.3E1,8.2E1,1.6E1,1.9E1,8E1,3E0,3.9E1,4.3E1],"tree_param":{"num_deleted":"0","num_feature":"100","num_nodes":"13","size_leaf_vector":"1"}}]},"name":"gbtree"},"learner_model_param":{"base_score":"4.740383E-1","boost_from_average":"1","num_class":"0","num_feature":"100","num_target":"1"},"objective":{"name":"reg:squarederror","reg_loss_param":{"scale_pos_weight":"1"}}},"version":[2,0,3]}