{"learner":{"attributes":{"scikit_learn":"{\"_estimator_type\": \"regressor\"}"},"feature_names":[],"feature_types":[],"gradient_booster":{"model":{"gbtree_model_param":{"num_parallel_tree":"1","num_trees":"10"},"iteration_indptr":[0,1,2,3,4,5,6,7,8,9,10],"tree_info":[0,0,0,0,0,0,0,0,0,0],"trees":[{"base_weights":[5.0736638E-8,-4.187381E0,3.7996607E0,-1.0241393E0,-2.6017148E0,2.8854623E0,1.0258383E1,-1.6589848E0,-1.6344832E-1,-6.992989E-2,3.7216803E-1,1.2953568E0,6.0977143E-1],"categories":[],"categories_nodes":[],"categories_segments":[],"categories_sizes":[],"default_left":[0,0,0,0,0,0,0,0,0,0,0,0,0],"id":0,"left_children":[1,3,5,-1,7,9,11,-1,-1,-1,-1,-1,-1],"loss_changes":[3.2775889E3,9.1411975E2,6.0809155E2,0E0,1.0417356E3,2.9037616E2,6.679187E1,0E0,0E0,0E0,0E0,0E0,0E0],"parents":[2147483647,0,0,1,1,2,2,4,4,5,5,6,6],"right_children":[2,4,6,-1,8,10,12,-1,-1,-1,-1,-1,-1],"split_conditions":[-1.0416333E-2,-1.2576025E0,1.0322435E0,-1.0241393E0,-1.2427322E0,-1.8791683E-1,-3.785684E-1,-1.6589848E0,-1.6344832E-1,-6.992989E-2,3.7216803E-1,1.2953568E0,6.0977143E-1],"split_indices":[43,43,82,0,15,45,67,0,0,0,0,0,0],"split_type":[0,0,0,0,0,0,0,0,0,0,0,0,0],"sum_hessian":[2.04E2,9.7E1,1.07E2,1.9E1,7.8E1,9.5E1,1.2E1,4E0,7.4E1,1.8E1,7.7E1,6E0,6E0],"tree_param":{"num_deleted":"0","num_feature":"100","num_nodes":"13","size_leaf_vector":"1"}},{"base_weights":[-3.118041E-3,-3.7976894E0,3.440133E0,-9.2684615E-1,-2.364612E0,2.5649714E0,9.133006E0,-1.526266E0,-1.4732142E-1,-1.3550827E-1,3.1480524E-1,9.950677E-1,2.8179893E-1],"categories":[],"categories_nodes":[],"categories_segments":[],"categories_sizes":[],"default_left":[0,0,0,0,0,0,0,0,0,0,0,0,0],"id":1,"left_children":[1,3,5,-1,7,9,11,-1,-1,-1,-1,-1,-1],"loss_changes":[2.6915254E3,7.464075E2,5.1465E2,0E0,8.85801E2,2.2140826E2,4.424951E1,0E0,0E0,0E0,0E0,0E0,0E0],"parents":[2147483647,0,0,1,1,2,2,4,4,5,5,6,6],"right_children":[2,4,6,-1,8,10,12,-1,-1,-1,-1,-1,-1],"split_conditions":[-1.0416333E-2,-1.2576025E0,1.4750139E0,-9.2684615E-1,-1.2427322E0,-6.989035E-1,1.7320508E0,-1.526266E0,-1.4732142E-1,-1.3550827E-1,3.1480524E-1,9.950677E-1,2.8179893E-1],"split_indices":[43,43,43,0,15,2,13,0,0,0,0,0,0],"split_type":[0,0,0,0,0,0,0,0,0,0,0,0,0],"sum_hessian":[2.04E2,9.7E1,1.07E2,1.9E1,7.8E1,9.4E1,1.3E1,4E0,7.4E1,1.2E1,8.2E1,1.1E1,2E0],"tree_param":{"num_deleted":"0","num_feature":"100","num_nodes":"13","size_leaf_vector":"1"}},{"base_weights":[-8.388129E-3,-3.4444556E0,3.1096027E0,-9.950113E0,-2.4209905E0,2.316827E0,8.724747E0,-6.5714705E-1,-1.4041647E0,-8.263373E-1,-1.07029915E-1,-8.199171E-2,3.051203E-1,1.1087527E0,5.115574E-1],"categories":[],"categories_nodes":[],"categories_segments":[],"categories_sizes":[],"default_left":[0,0,0,0,0,0,0,0,0,0,0,0,0,0,0],"id":2,"left_children":[1,3,5,7,9,11,13,-1,-1,-1,-1,-1,-1,-1,-1],"loss_changes":[2.2070046E3,6.2842554E2,4.605536E2,8.743555E1,6.6980365E2,2.236424E2,5.414081E1,0E0,0E0,0E0,0E0,0E0,0E0,0E0,0E0],"parents":[2147483647,0,0,1,1,2,2,3,3,4,4,5,5,6,6],"right_children":[2,4,6,8,10,12,14,-1,-1,-1,-1,-1,-1,-1,-1],"split_conditions":[-1.0416333E-2,-1.2212762E0,1.0322435E0,-7.5426435E-1,-1.3694584E0,-4.4901654E-1,-3.785684E-1,-6.5714705E-1,-1.4041647E0,-8.263373E-1,-1.07029915E-1,-8.199171E-2,3.051203E-1,1.1087527E0,5.115574E-1],"split_indices":[43,49,82,1,43,2,67,0,0,0,0,0,0,0,0],"split_type":[0,0,0,0,0,0,0,0,0,0,0,0,0,0,0],"sum_hessian":[2.04E2,9.7E1,1.07E2,1.2E1,8.5E1,9.5E1,1.2E1,8E0,4E0,1.5E1,7E1,1.8E1,7.7E1,6E0,6E0],"tree_param":{"num_deleted":"0","num_feature":"100","num_nodes":"15","size_leaf_vector":"1"}},{"base_weights":[-1.316506E-2,-4.899405E0,1.8111188E0,-6.5523014E0,-1.596576E0,1.3452192E-1,4.968272E0,-9.887657E-1,-5.4444635E-1,-3.5904604E-1,2.619275E-1,-1.1342123E0,4.8808284E-2,3.2313606E-1,7.8149426E-1],"categories":[],"categories_nodes":[],"categories_segments":[],"categories_sizes":[],"default_left":[0,0,0,0,0,0,0,0,0,0,0,0,0,0,0],"id":3,"left_children":[1,3,5,7,9,11,13,-1,-1,-1,-1,-1,-1,-1,-1],"loss_changes":[1.8362206E3,2.9525586E2,7.933227E2,8.28833E1,1.7752277E2,4.072475E2,2.3185657E2,0E0,0E0,0E0,0E0,0E0,0E0,0E0,0E0],"parents":[2147483647,0,0,1,1,2,2,3,3,4,4,5,5,6,6],"right_children":[2,4,6,8,10,12,14,-1,-1,-1,-1,-1,-1,-1,-1],"split_conditions":[-5.0455564E-1,4.7587255E-1,6.968999E-1,-1.4337503E0,8.812253E-2,-4.4175706E0,7.5651586E-1,-9.887657E-1,-5.4444635E-1,-3.5904604E-1,2.619275E-1,-1.1342123E0,4.8808284E-2,3.2313606E-1,7.8149426E-1],"split_indices":[43,92,1,16,83,2,76,0,0,0,0,0,0,0,0],"split_type":[0,0,0,0,0,0,0,0,0,0,0,0,0,0,0],"sum_hessian":[2.04E2,5.5E1,1.49E2,3.6E1,1.9E1,9.8E1,5.1E1,7E0,2.9E1,1.3E1,6E0,2E0,9.6E1,3.3E1,1.8E1],"tree_param":{"num_deleted":"0","num_feature":"100","num_nodes":"15","size_leaf_vector":"1"}},{"base_weights":[-1.970761E-2,-2.6172185E0,2.899348E0,-7.439437E0,-1.581621E0,2.1634161E0,7.488184E0,-1.0615728E0,-4.7019574E-1,-7.114076E-1,-3.960828E-2,-1.7704687E-1,2.7115402E-1,1.003424E0,4.6426198E-1],"categories":[],"categories_nodes":[],"categories_segments":[],"categories_sizes":[],"default_left":[0,0,0,0,0,0,0,0,0,0,0,0,0,0,0],"id":4,"left_children":[1,3,5,7,9,11,13,-1,-1,-1,-1,-1,-1,-1,-1],"loss_changes":[1.5619553E3,5.325663E2,3.1137585E2,1.1529089E2,5.940455E2,1.8808261E2,4.7599426E1,0E0,0E0,0E0,0E0,0E0,0E0,0E0,0E0],"parents":[2147483647,0,0,1,1,2,2,3,3,4,4,5,5,6,6],"right_children":[2,4,6,8,10,12,14,-1,-1,-1,-1,-1,-1,-1,-1],"split_conditions":[9.081183E-2,-3.6158863E-1,1.0322435E0,-1.0555526E0,-1.4136717E0,-4.815008E-2,4.5026934E-1,-1.0615728E0,-4.7019574E-1,-7.114076E-1,-3.960828E-2,-1.7704687E-1,2.7115402E-1,1.003424E0,4.6426198E-1],"split_indices":[43,15,82,49,43,4,14,0,0,0,0,0,0,0,0],"split_type":[0,0,0,0,0,0,0,0,0,0,0,0,0,0,0],"sum_hessian":[2.04E2,1.08E2,9.6E1,1.8E1,9E1,8.4E1,1.2E1,7E0,1.1E1,1.5E1,7.5E1,1E1,7.4E1,5E0,7E0],"tree_param":{"num_deleted":"0","num_feature":"100","num_nodes":"15","size_leaf_vector":"1"}},{"base_weights":[-2.1253876E-2,-2.3764396E0,2.625514E0,-6.7761126E0,-1.4317118E0,2.101888E0,8.188119E-1,-1.1297289E0,-4.8173127E-1,-6.4471316E-1,-3.5699572E-2,-2.3580192E-2,3.055259E-1],"categories":[],"categories_nodes":[],"categories_segments":[],"categories_sizes":[],"default_left":[0,0,0,0,0,0,0,0,0,0,0,0,0],"id":5,"left_children":[1,3,5,7,9,11,-1,-1,-1,-1,-1,-1,-1],"loss_changes":[1.2841334E3,4.4335638E2,2.6532385E2,1.13842896E2,4.8820224E2,2.0130215E2,0E0,0E0,0E0,0E0,0E0,0E0,0E0],"parents":[2147483647,0,0,1,1,2,2,3,3,4,4,5,5],"right_children":[2,4,6,8,10,12,-1,-1,-1,-1,-1,-1,-1],"split_conditions":[9.081183E-2,-3.6158863E-1,1.8737137E0,-9.184604E-1,-1.4136717E0,-2.7638033E-1,8.188119E-1,-1.1297289E0,-4.8173127E-1,-6.4471316E-1,-3.5699572E-2,-2.3580192E-2,3.055259E-1],"split_indices":[43,15,43,8,43,92,0,0,0,0,0,0,0],"split_type":[0,0,0,0,0,0,0,0,0,0,0,0,0],"sum_hessian":[2.04E2,1.08E2,9.6E1,1.8E1,9E1,8.9E1,7E0,4E0,1.4E1,1.5E1,7.5E1,2.6E1,6.3E1],"tree_param":{"num_deleted":"0","num_feature":"100","num_nodes":"13","size_leaf_vector":"1"}},{"base_weights":[-2.4938814E-2,-3.7774847E0,1.3761779E0,-5.0804577E0,-1.17811E0,4.7919355E-2,3.8785129E0,-6.2204E-1,-2.9938495E-1,-2.912672E-1,2.459315E-1,-3.422049E-1,8.6127095E-2,-4.3102156E-2,4.6718606E-1],"categories":[],"categories_nodes":[],"categories_segments":[],"categories_sizes":[],"default_left":[0,0,0,0,0,0,0,0,0,0,0,0,0,0,0],"id":6,"left_children":[1,3,5,7,9,11,13,-1,-1,-1,-1,-1,-1,-1,-1],"loss_changes":[1.0830383E3,1.8368195E2,4.9837634E2,6.93858E1,1.3334995E2,2.823554E2,1.7979956E2,0E0,0E0,0E0,0E0,0E0,0E0,0E0,0E0],"parents":[2147483647,0,0,1,1,2,2,3,3,4,4,5,5,6,6],"right_children":[2,4,6,8,10,12,14,-1,-1,-1,-1,-1,-1,-1,-1],"split_conditions":[-5.0455564E-1,4.7587255E-1,6.968999E-1,2.8245836E-1,8.812253E-2,-2.2343937E-1,-4.5071632E-1,-6.2204E-1,-2.9938495E-1,-2.912672E-1,2.459315E-1,-3.422049E-1,8.6127095E-2,-4.3102156E-2,4.6718606E-1],"split_indices":[43,92,1,41,83,15,26,0,0,0,0,0,0,0,0],"split_type":[0,0,0,0,0,0,0,0,0,0,0,0,0,0,0],"sum_hessian":[2.04E2,5.5E1,1.49E2,3.6E1,1.9E1,9.8E1,5.1E1,2.2E1,1.4E1,1.3E1,6E0,1.8E1,8E1,8E0,4.3E1],