{"learner":{"attributes":{"scikit_learn":"{\"_estimator_type\": \"regressor\"}"},"feature_names":[],"feature_types":[],"gradient_booster":{"model":{"gbtree_model_param":{"num_parallel_tree":"1","num_trees":"2"},"iteration_indptr":[0,1,2],"tree_info":[0,0],"trees":[{"base_weights":[5.0736638E-8,-4.187381E0,3.7996607E0,-8.396885E0,-1.8198806E0,2.8854623E0,1.0258383E1,-1.3609145E0,-3.3179696E0,-1.7903248E0,-1.2824196E-1,7.149743E-2,8.2877284E-1,6.218082E-1,2.2551246E0],"categories":[],"categories_nodes":[],"categories_segments":[],"categories_sizes":[],"default_left":[0,0,0,0,0,0,0,0,0,0,0,0,0,0,0],"id":0,"left_children":[1,3,5,7,9,11,13,-1,-1,-1,-1,-1,-1,-1,-1],"loss_changes":[3.2775889E3,9.613871E2,6.0809155E2,3.437146E2,5.322427E2,3.039146E2,5.9487305E1,0E0,0E0,0E0,0E0,0E0,0E0,0E0,0E0],"parents":[2147483647,0,0,1,1,2,2,3,3,4,4,5,5,6,6],"right_children":[2,4,6,8,10,12,14,-1,-1,-1,-1,-1,-1,-1,-1],"split_conditions":[-1.0416333E-2,1.5840955E-2,1.0322435E0,4.3528594E-2,-1.4263165E0,4.3782288E-1,-2.0721306E-1,-1.3609145E0,-3.3179696E0,-1.7903248E0,-1.2824196E-1,7.149743E-2,8.2877284E-1,6.218082E-1,2.2551246E0],"split_indices":[46,25,89,96,46,96,10,0,0,0,0,0,0,0,0],"split_type":[0,0,0,0,0,0,0,0,0,0,0,0,0,0,0],"sum_hessian":[2.04E2,9.7E1,1.07E2,3.4E1,6.3E1,9.5E1,1.2E1,3E1,4E0,8E0,5.5E1,3.2E1,6.3E1,2E0,1E1],"tree_param":{"num_deleted":"0","num_feature":"100","num_nodes":"15","size_leaf_vector":"1"}},{"base_weights":[-1.375732E-2,-5.3249164E0,1.969167E0,-1.755352E0,-3.3151379E0,1.2490147E0,9.462386E0,-2.2072067E0,-5.117257E-1,-1.9258919E0,3.291214E-1,1.0216656E0,2.4929352E0],"categories":[],"categories_nodes":[],"categories_segments":[],"categories_sizes":[],"default_left":[0,0,0,0,0,0,0,0,0,0,0,0,0],"id":1,"left_children":[1,3,5,-1,7,9,11,-1,-1,-1,-1,-1,-1],"loss_changes":[2.169469E3,3.594004E2,7.976201E2,0E0,1.8787729E2,6.112222E2,1.0626416E2,0E0,0E0,0E0,0E0,0E0,0E0],"parents":[2147483647,0,0,1,1,2,2,4,4,5,5,6,6],"right_children":[2,4,6,-1,8,10,12,-1,-1,-1,-1,-1,-1],"split_conditions":[-5.0455564E-1,-1.2576025E0,1.0330346E0,-1.755352E0,-1.0616668E0,-1.0432026E-1,4.9633977E-1,-2.2072067E0,-5.117257E-1,-1.9258919E0,3.291214E-1,1.0216656E0,2.4929352E0],"split_indices":[46,46,64,0,25,9,94,0,0,0,0,0,0],"split_type":[0,0,0,0,0,0,0,0,0,0,0,0,0],"sum_hessian":[2.04E2,5.5E1,1.49E2,1.9E1,3.6E1,1.37E2,1.2E1,2E0,3.4E1,4E0,1.33E2,6E0,6E0],"tree_param":{"num_deleted":"0","num_feature":"100","num_nodes":"13","size_leaf_vector":"1"}}]},"name":"gbtree"},"learner_model_param":{"base_score":"4.740383E-1","boost_from_average":"1","num_class":"0","num_feature":"100","num_target":"1"},"objective":{"name":"reg:squarederror","reg_loss_param":{"scale_pos_weight":"1"}}},"version":[2,0,3]}