{"learner":{"attributes":{"scikit_learn":"{\"_estimator_type\": \"regressor\"}"},"feature_names":[],"feature_types":[],"gradient_booster":{"model":{"gbtree_model_param":{"num_parallel_tree":"1","num_trees":"2"},"iteration_indptr":[0,1,2],"tree_info":[0,0],"trees":[{"base_weights":[5.0736638E-8,-3.9307086E0,3.7809675E0,-2.4385545E0,-2.8888032E0,-1.4214407E0,4.1708865E0,-3.4285731E0,9.708334E0,2.1874695E0,6.445364E0,-3.0422575E0,-2.977681E0,4.9292704E-1,2.260271E0,4.057536E0,7.611341E-1,3.9961803E0,9.046883E0,-6.1471677E0,-1.3415982E0,-1.8529935E-1,4.5527434E0,-4.8597705E-1,2.7171495E0,1.3080422E0,5.8802786E0,7.274947E-1,9.709555E0,-5.7470813E-2,-6.847615E0,-1.9965262E0,1.6382332E0,9.454006E-1,4.8662076E0,-2.3089197E0,5.904171E-1,-4.31567E-1,3.3288767E0,2.3438928E0,-6.1092734E-1,6.415463E0,3.2021067E-1,2.1719453E0,1.2372885E0,-2.0428453E-1,1.2086413E-1,-1.471839E0,-9.448722E-2,-4.6794564E-1,4.727253E-1,5.3823364E-1,-3.270447E-2,1.9532913E-2,2.640873E-1,1.0363072E0,4.6190253E-1,4.2468417E-2,-5.398869E-1,-2.054063E-1,3.8637647E-1,-1.2932114E-1,-1.4895797E-4,3.9891422E-1,9.0622586E-1,2.5461155E-1,7.408532E-1,-2.6458308E-2,-2.5254706E-1,4.5142546E-1,1.3932661E0],"categories":[],"categories_nodes":[],"categories_segments":[],"categories_sizes":[],"default_left":[0,0,0,0,0,0,0,0,0,0,0,0,0,0,0,0,0,0,0,0,0,0,0,0,0,0,0,0,0,0,0,0,0,0,0,0,0,0,0,0,0,0,0,0,0,0,0,0,0,0,0,0,0,0,0,0,0,0,0,0,0,0,0,0,0,0,0,0,0,0,0],"id":0,"left_children":[1,3,5,-1,7,-1,9,11,13,15,17,-1,19,-1,-1,21,23,25,27,29,31,-1,33,35,37,39,41,-1,43,45,47,49,51,53,55,57,59,61,63,65,67,69,-1,-1,-1,-1,-1,-1,-1,-1,-1,-1,-1,-1,-1,-1,-1,-1,-1,-1,-1,-1,-1,-1,-1,-1,-1,-1,-1,-1,-1],"loss_changes":[3.0615479E3,8.3421484E2,4.7542102E2,0E0,6.5204517E2,0E0,4.4604712E2,4.2222607E2,1.8303772E1,1.4628284E2,2.63312E2,0E0,4.377096E2,0E0,0E0,6.3453217E1,8.181963E1,1.2399097E2,4.354431E1,1.2330615E2,1.1646213E2,0E0,2.027649E1,4.2569523E1,2.647667E1,2.528514E1,2.4081116E1,0E0,9.808472E0,3.1690073E0,8.132007E1,7.735803E1,2.1308508E1,8.2483435E-1,4.1571045E0,8.449928E0,3.2360615E1,2.7744877E-1,8.608231E0,6.938137E0,1.3928438E0,1.4055115E1,0E0,0E0,0E0,0E0,0E0,0E0,0E0,0E0,0E0,0E0,0E0,0E0,0E0,0E0,0E0,0E0,0E0,0E0,0E0,0E0,0E0,0E0,0E0,0E0,0E0,0E0,0E0,0E0,0E0],"parents":[2147483647,0,0,1,1,2,2,4,4,6,6,7,7,8,8,9,9,10,10,12,12,15,15,16,16,17,17,18,18,19,19,20,20,22,22,23,23,24,24,25,25,26,26,28,28,29,29,30,30,31,31,32,32,33,33,34,34,35,35,36,36,37,37,38,38,39,39,40,40,41,41],"right_children":[2,4,6,-1,8,-1,10,12,14,16,18,-1,20,-1,-1,22,24,26,28,30,32,-1,34,36,38,40,42,-1,44,46,48,50,52,54,56,58,60,62,64,66,68,70,-1,-1,-1,-1,-1,-1,-1,-1,-1,-1,-1,-1,-1,-1,-1,-1,-1,-1,-1,-1,-1,-1,-1,-1,-1,-1,-1,-1,-1],"split_conditions":[-6.5385574E-3,-1.4796882E0,-1.2611593E0,-2.4385545E0,9.597367E-1,-1.4214407E0,6.892911E-1,-1.7282017E0,8.2852006E-2,-6.747308E-1,1.7964067E-1,-3.0422575E0,-8.562253E-1,4.9292704E-1,2.260271E0,-1.7323672E0,1.2618828E-1,1.8702148E-1,-1.8849508E-1,-6.296239E-1,4.1967538E-1,-1.8529935E-1,-1.1509558E0,-2.6646907E-2,-8.066917E-1,1.1567502E-1,1.2778538E0,7.274947E-1,1.7320508E0,-1.2672446E-2,1.1831856E0,1.0118424E0,3.025434E-1,1.7194755E-1,1.8903434E-1,-2.7203622E-1,-9.474335E-3,-2.9864304E0,2.6002267E-1,6.948888E-2,1.6288355E-2,-8.211346E-1,3.2021067E-1,2.1719453E0,1.2372885E0,-2.0428453E-1,1.2086413E-1,-1.471839E0,-9.448722E-2,-4.6794564E-1,4.727253E-1,5.3823364E-1,-3.270447E-2,1.9532913E-2,2.640873E-1,1.0363072E0,4.6190253E-1,4.2468417E-2,-5.398869E-1,-2.054063E-1,3.8637647E-1,-1.2932114E-1,-1.4895797E-4,3.9891422E-1,9.0622586E-1,2.5461155E-1,7.408532E-1,-2.6458308E-2,-2.5254706E-1,4.5142546E-1,1.3932661E0],"split_indices":[66,39,1,0,39,0,66,27,1,93,74,0,66,0,0,52,87,1,71,84,27,0,80,92,45,28,8,0,98,0,52,44,22,0,91,7,74,0,6,5,1,51,0,0,0,0,0,0,0,0,0,0,0,0,0,0,0,0,0,0,0,0,0,0,0,0,0,0,0,0,0],"split_type":[0,0,0,0,0,0,0,0,0,0,0,0,0,0,0,0,0,0,0,0,0,0,0,0,0,0,0,0,0,0,0,0,0,0,0,0,0,0,0,0,0,0,0,0,0,0,0,0,0,0,0,0,0,0,0,0,0,0,0,0,0,0,0,0,0,0,0,0,0,0,0],"sum_hessian":[2.04E2,1E2,1.04E2,1E1,9E1,3E0,1.01E2,8.7E1,3E0,5.5E1,4.6E1,2E0,8.5E1,1E0,2E0,2.3E1,3.2E1,2.5E1,2.1E1,2.8E1,5.7E1,2E0,2.1E1,2E1,1.2E1,1.1E1,1.4E1,3E0,1.8E1,3E0,2.5E1,4.7E1,1E1,2E0,1.9E1,7E0,1.3E1,2E0,1E1,7E0,4E0,1.2E1,2E0,1.2E1,6E0,1E0,2E0,2.3E1,2E0,4.4E1,3E0,6E0,4E0,1E0,1E0,1.6E1,3E0,1E0,6E0,6E0,7E0,1E0,1E0,6E0,4E0,5E0,2E0,3E0,1E0,2E0,1E1],"tree_param":{"num_deleted":"0","num_feature":"100","num_nodes":"71","size_leaf_vector":"1"}},{"base_weights":[2.041636E-2,-2.6452446E0,3.739706E0,-6.6783385E0,-1.1654217E0,1.9391105E-2,4.794431E0,3.5809788E-1,-7.418594E0,-8.375789E0,-4.477588E-1,-4.755947E0,1.1418595E0,4.0730615E0,8.990696E0,1.2579503E0,-2.3414592E-1,-4.6870017E-1,-8.378259E0,-2.6366231E0,-9.152321E-1,-8.9286184E-1,8.454967E0,-3.59259E-1,-1.3634905E0,2.1184773E0,-5.5594844E-1,-3.9976668E-2,4.4546385E0,2.6785818E-1,1.955942E0,3.301006E-1,4.7284495E-2,-9.007553E0,-5.9598E-1,-2.3739288E0,-3.3179414E-2,4.4363433E-1,1.9589016E0,2.6040409E0,-4.43725E-2,1.4906088E-1,-3.0912957E-1,6.598252E-1,-9.597203E-1,2.853805E0,5.2421255E0,-1.9131927E0,-8.485636E-1,3.5046488E-1,-3.0998778E0,1.6121546E0,-1.0604763E0,5.872503E-1,1.9217381E-1,-5.721387E-2,4.3902118E-2,4.7090254E-3,4.874515E-2,1.6996576E-1,8.981449E-3,-6.06797E-2,-2.2723639E-1,-1.82384E-1,3.322881E0,5.9468455E0,2.5455065E0,-2.3671935E-1,3.5938206E-1,-6.300678E-2,-8.128465E-1,-1.7969768E-1,4.2161232E-1,1.0460202E-1,-4.6422657E-1,1.5467703E-3,-1.3406276E-4,7.3002666E-1,9.3982056E-2,1.2836554E0,3.2630938E-1,1.0687977E-2,5.70067E-1],"categories":[],"categories_nodes":[],"categories_segments":[],"categories_sizes":[],"default_left":[0,0,0,0,0,0,0,0,0,0,0,0,0,0,0,0,0,0,0,0,0,0,0,0,0,0,0,0,0,0,0,0,0,0,0,0,0,0,0,0,0,0,0,0,0,0,0,0,0,0,0,0,0,0,0,0,0,0,0,0,0,0,0,0,0,0,0,0,0,0,0,0,0,0,0,0,0,0,0,0,0,0,0],"id":1,"left_children":[1,3,5,7,9,11,13,15,17,19,21,23,25,27,29,31,-1,-1,33,-1,-1,35,37,-1,-1,39,41,43,45,-1,-1,-1,-1,47,-1,49,51,-1,-1,53,55,57,-1,59,61,63,65,-1,-1,67,69,71,73,-1,-1,-1,-1,75,-1,-1,-1,-1,-1,-1,77,79,81,-1,-1,-1,-1,-1,-1,-1,-1,-1,-1,-1,-1,-1,-1,-1,-1],"loss_changes":[2.0423374E3,7.084087E2,3.3736328E2,1.6933679E2,4.5679022E2,1.1263394E2,1.6619324E2,6.9755964E0,1.21607056E2,8.5800354E1,3.3248483E2,1.2159195E1,2.9365625E1,9.277521E1,4.123578E1,8.127942E-1,0E0,0E0,5.468994E1,0E0,0E0,1.00507774E2,1.1691864E1,0E0,0E0,1.1667755E1,5.114627E0,4.4950776E0,5.3114258E1,0E0,0E0,0E0,0E0,1.5287598E1,0E0,5.8441757E1,8.7912224E1,0E0,0E0,2.0915642E0,2.5413436E-1,6.717755E-2,0E0,4.29183E-1,2.7310848E-3,3.835843E1,5.1374878E1,0E0,0E0,1.765937E1,6.048793E1,2.6794971E1,6.509343E1,0E0,0E0,0E0,0E0,5.3998803E-5,0E0,0E0,0E0,0E0,0E0,0E0,1.5090286E1,4.4456177E1,6.6845512E0,0E0,0E0,0E0,0E0,0E0,0E0,0E0,0E0,0E0,0E0,0E0,0E0,0E0,0E0,0E0,0E0],"parents":[2147483647,0,0,1,1,2,2,3,3,4,4,5,5,6,6,7,7,8,8,9,9,10,10,11,11,12,12,13,13,14,14,15,15,18,18,21,21,22,22,25,25,26,26,27,27,28,28,33,33,35,35,36,36,39,39,40,40,41,41,43,43,44,44,45,45,46,46,49,49,50,50,51,51,52,52,57,57,64,64,65,65,66,66],"right_children":[2,4,6,8,10,12,14,16,18,20,22,24,26,28,30,32,-1,-1,34,-1,-1,36,38,-1,-1,40,42,44,46,-1,-1,-1,-1,48,-1,50,52,-1,-1,54,56,58,-1,60,62,64,66,-1,-1,68,70,72,74,-1,-1,-1,-1,76,-1,-1,-1,-1,-1,-1,78,80,82,-1,-1,-1,-1,-1,-1,-1,-1,-1,-1,-1,-1,-1,-1,-1,-1],