{"learner":{"attributes":{"scikit_learn":"{\"_estimator_type\": \"regressor\"}"},"feature_names":[],"feature_types":[],"gradient_booster":{"model":{"gbtree_model_param":{"num_parallel_tree":"1","num_trees":"10"},"iteration_indptr":[0,1,2,3,4,5,6,7,8,9,10],"tree_info":[0,0,0,0,0,0,0,0,0,0],"trees":[{"base_weights":[-4.2341557E-7,-3.0696077E0,4.8329983E0,-5.291188E0,-1.0622631E0,3.811424E0,1.4938791E1,-9.684832E0,-5.801058E0,-2.578892E0,-4.622293E-1,1.7683214E0,6.835045E0],"categories":[],"categories_nodes":[],"categories_segments":[],"categories_sizes":[],"default_left":[0,0,0,0,0,0,0,0,0,0,0,0,0],"id":0,"left_children":[1,3,5,7,9,11,-1,-1,-1,-1,-1,-1,-1],"loss_changes":[3.5901685E3,6.543822E2,4.5429956E2,9.117883E1,3.8610687E1,1.5158508E2,0E0,0E0,0E0,0E0,0E0,0E0,0E0],"parents":[2147483647,0,0,1,1,2,2,3,3,4,4,5,5],"right_children":[2,4,6,8,10,12,-1,-1,-1,-1,-1,-1,-1],"split_conditions":[2.514978E-1,-5.870623E-1,1.1312503E0,-1.1664695E0,-2.5627354E-1,4.72726E-1,1.4938791E1,-9.684832E0,-5.801058E0,-2.578892E0,-4.622293E-1,1.7683214E0,6.835045E0],"split_indices":[58,58,59,58,58,58,0,0,0,0,0,0,0],"split_type":[0,0,0,0,0,0,0,0,0,0,0,0,0],"sum_hessian":[2.4E2,1.47E2,9.3E1,6.9E1,7.8E1,7.9E1,1.4E1,3.6E1,3.3E1,4.1E1,3.7E1,1.8E1,6.1E1],"tree_param":{"num_deleted":"0","num_feature":"97","num_nodes":"13","size_leaf_vector":"1"}},{"base_weights":[2.0810014E-2,1.2492307E0,-2.4670022E0,2.471558E0,3.831353E-1,-2.0594256E0,-3.968594E0,4.4497876E0,2.7015953E0,1.313646E0,-2.9936704E-5,-1.5711346E0,-4.195435E0,-8.449154E0,-2.4004846E0],"categories":[],"categories_nodes":[],"categories_segments":[],"categories_sizes":[],"default_left":[0,0,0,0,0,0,0,0,0,0,0,0,0,0,0],"id":1,"left_children":[1,3,5,7,9,11,13,-1,-1,-1,-1,-1,-1,-1,-1],"loss_changes":[7.3959717E2,1.7055472E2,4.0788086E1,1.6892578E1,1.8120327E1,4.5585327E1,5.4045227E1,0E0,0E0,0E0,0E0,0E0,0E0,0E0,0E0],"parents":[2147483647,0,0,1,1,2,2,3,3,4,4,5,5,6,6],"right_children":[2,4,6,8,10,12,14,-1,-1,-1,-1,-1,-1,-1,-1],"split_conditions":[2.5571167E-1,-6.2077326E-1,1.0978938E0,-1.1664695E0,-2.6470128E-1,3.1533787E-1,1.674458E0,4.4497876E0,2.7015953E0,1.313646E0,-2.9936704E-5,-1.5711346E0,-4.195435E0,-8.449154E0,-2.4004846E0],"split_indices":[58,58,59,58,58,67,38,0,0,0,0,0,0,0,0],"split_type":[0,0,0,0,0,0,0,0,0,0,0,0,0,0,0],"sum_hessian":[2.4E2,1.61E2,7.9E1,6.6E1,9.5E1,6.4E1,1.5E1,3.6E1,3E1,4.1E1,5.4E1,2.8E1,3.6E1,8E0,7E0],"tree_param":{"num_deleted":"0","num_feature":"97","num_nodes":"15","size_leaf_vector":"1"}},{"base_weights":[-4.4227675E-2,-1.005081E0,5.557964E-1,-4.5067005E0,-8.0740464E-1,1.0711452E-2,1.0257983E0,-1.6038468E0,-1.2970206E-1,-1.8311688E-1,1.8348832E0,1.3118382E0,3.416452E0],"categories":[],"categories_nodes":[],"categories_segments":[],"categories_sizes":[],"default_left":[0,0,0,0,0,0,0,0,0,0,0,0,0],"id":2,"left_children":[1,3,5,-1,7,9,11,-1,-1,-1,-1,-1,-1],"loss_changes":[1.3950359E2,3.4330704E1,3.8161465E1,0E0,1.6140938E1,1.1420241E1,1.3154251E1,0E0,0E0,0E0,0E0,0E0,0E0],"parents":[2147483647,0,0,1,1,2,2,4,4,5,5,6,6],"right_children":[2,4,6,-1,8,10,12,-1,-1,-1,-1,-1,-1],"split_conditions":[-3.7636882E-1,-1.3813767E0,2.5571167E-1,-4.5067005E0,4.6507984E-1,8.782837E-1,1.0584364E0,-1.6038468E0,-1.2970206E-1,-1.8311688E-1,1.8348832E0,1.3118382E0,3.416452E0],"split_indices":[58,58,58,0,59,4,63,0,0,0,0,0,0],"split_type":[0,0,0,0,0,0,0,0,0,0,0,0,0],"sum_hessian":[2.4E2,9.2E1,1.48E2,7E0,8.5E1,6.9E1,7.9E1,6.2E1,2.3E1,6.3E1,6E0,7.2E1,7E0],"tree_param":{"num_deleted":"0","num_feature":"97","num_nodes":"13","size_leaf_vector":"1"}},{"base_weights":[2.2693887E-2,3.071447E-1,-4.2540625E-1,2.4357848E-1,1.1600006E0,1.2019997E0,-5.303392E-1,1.0334045E-1,9.479555E-1,2.2964847E0,7.2422016E-1,-2.5728035E-1,2.2665114E0,-1.1647791E0,-1.0134664E-1],"categories":[],"categories_nodes":[],"categories_segments":[],"categories_sizes":[],"default_left":[0,0,0,0,0,0,0,0,0,0,0,0,0,0,0],"id":3,"left_children":[1,3,5,7,9,11,13,-1,-1,-1,-1,-1,-1,-1,-1],"loss_changes":[3.084911E1,7.740947E0,1.6689703E1,9.387078E0,1.7731094E0,2.8057404E0,1.008695E1,0E0,0E0,0E0,0E0,0E0,0E0,0E0,0E0],"parents":[2147483647,0,0,1,1,2,2,3,3,4,4,5,5,6,6],"right_children":[2,4,6,8,10,12,14,-1,-1,-1,-1,-1,-1,-1,-1],"split_conditions":[2.514978E-1,1.0566127E0,-1.752902E0,1.1789202E-1,-1.1776008E-2,-6.7603916E-1,2.2790536E-1,1.0334045E-1,9.479555E-1,2.2964847E0,7.2422016E-1,-2.5728035E-1,2.2665114E0,-1.1647791E0,-1.0134664E-1],"split_indices":[58,85,40,42,7,0,27,0,0,0,0,0,0,0,0],"split_type":[0,0,0,0,0,0,0,0,0,0,0,0,0,0,0],"sum_hessian":[2.4E2,1.47E2,9.3E1,1.38E2,9E0,5E0,8.8E1,9.6E1,4.2E1,5E0,4E0,1E0,4E0,5.7E1,3.1E1],"tree_param":{"num_deleted":"0","num_feature":"97","num_nodes":"15","size_leaf_vector":"1"}},{"base_weights":[8.632943E-3,1.7012043E-1,-2.690774E-1,-6.597883E-2,5.371739E-1,-3.6262438E-1,7.2341406E-1,-1.7373214E0,-6.848991E-3,-4.3947734E-2,1.0191036E0,-8.6542356E-1,-1.8473959E-1,-1.2199879E-2,1.4529281E0],"categories":[],"categories_nodes":[],"categories_segments":[],"categories_sizes":[],"default_left":[0,0,0,0,0,0,0,0,0,0,0,0,0,0,0],"id":4,"left_children":[1,3,5,7,9,11,13,-1,-1,-1,-1,-1,-1,-1,-1],"loss_changes":[1.085384E1,1.3294584E1,8.525497E0,6.2999754E0,4.8540154E0,4.1374435E0,1.4429088E0,0E0,0E0,0E0,0E0,0E0,0E0,0E0,0E0],"parents":[2147483647,0,0,1,1,2,2,3,3,4,4,5,5,6,6],"right_children":[2,4,6,8,10,12,14,-1,-1,-1,-1,-1,-1,-1,-1],"split_conditions":[3.5462064E-1,1.4404412E-1,1.6665577E0,-1.4624671E0,-2.1188806E-1,-1.757244E-2,-2.0630872E-1,-1.7373214E0,-6.848991E-3,-4.3947734E-2,1.0191036E0,-8.6542356E-1,-1.8473959E-1,-1.2199879E-2,1.4529281E0],"split_indices":[21,58,7,85,69,92,44,0,0,0,0,0,0,0,0],"split_type":[0,0,0,0,0,0,0,0,0,0,0,0,0,0,0],"sum_hessian":[2.4E2,1.52E2,8.8E1,9.3E1,5.9E1,8.1E1,7E0,4E0,8.9E1,1.2E1,4.7E1,4.2E1,3.9E1,2E0,5E0],"tree_param":{"num_deleted":"0","num_feature":"97","num_nodes":"15","size_leaf_vector":"1"}},{"base_weights":[-5.88678E-3,-5.1978633E-2,4.5529935E-1,-5.1251996E-1,3.2034114E-2,6.4849126E-1,-3.3125153E-1,-1.3360529E0,-4.7094673E-2,1.3789062E0,1.1426438E-2,-4.1242695E-1,1.1716591E0,-8.40168E-1,-2.0101261E-1],"categories":[],"categories_nodes":[],"categories_segments":[],"categories_sizes":[],"default_left":[0,0,0,0,0,0,0,0,0,0,0,0,0,0,0],"id":5,"left_children":[1,3,5,7,9,11,13,-1,-1,-1,-1,-1,-1,-1,-1],"loss_changes":[5.1465845E0,8.528513E0,3.5578299E0,6.158411E0,4.044017E0,2.419084E0,1.5064603E-1,0E0,0E0,0E0,0E0,0E0,0E0,0E0,0E0],"parents":[2147483647,0,0,1,1,2,2,3,3,4,4,5,5,6,6],"right_children":[2,4,6,8,10,12,14,-1,-1,-1,-1,-1,-1,-1,-1],"split_conditions":[1.2417983E0,-8.7495327E-1,8.520261E-1,5.2813936E-2,-1.8093125E0,-2.478559E-1,-1.8572798E0,-1.3360529E0,-4.7094673E-2,1.3789062E0,1.1426438E-2,-4.1242695E-1,1.1716591E0,-8.40168E-1,-2.0101261E-1],"split_indices":[80,37,82,11,3,88,0,0,0,0,0,0,0,0,0],"split_type":[0,0,0,0,0,0,0,0,0,0,0,0,0,0,0],"sum_hessian":[2.4E2,2.19E2,2.1E1,3.3E1,1.86E2,1.7E1,4E0,1.8E1,1.5E1,4E0,1.82E2,2E0,1.5E1,1E0,3E0],"tree_param":{"num_deleted":"0","num_feature":"97","num_nodes":"15","size_leaf_vector":"1"}},{"base_weights":[1.8033735E-3,4.1678232E-1,-3.7637174E-2,1.18637E-1,7.3287845E-1,-1.4192511E-1,1.8468839E-1,-1.7808968E-1,5.636823E-1,1.4517307E0,4.5655856E-1,-1.1533502E-1,-9.272857E-1,5.617027E-3,8.4322083E-1],"categories":[],"categories_nodes":[],"categories_segments":[],"categories_sizes":[],"default_left":[0,0,0,0,0,0,0,0,0,0,0,0,0,0,0],"id":6,"left_children":[1,3,5,7,9,11,13,-1,-1,-1,-1,-1,-1,-1,-1],"loss_changes":[3.960133E0,1.8921475E0,5.1502895E0,7.7707565E-1,7.121625E-1,4.629535E0,4.847109E0,0E0,0E0,0E0,0E0,0E0,0E0,0E0,0E0],"parents":[2147483647,0,0,1,1,2,2,3,3,4,4,5,5,6,6],"right_children":[2,4,6,8,10,12,14,-1,-1,-1,-1,-1,-1,-1,-1],"split_conditions":[-4.1418143E-2,6.526237E-1,2.726307E-1,7.2344884E-2,3.002991E-1,5.160444E-1,4.2677212E-1,-1.7808968E-1,5.636823E-1,1.4517307E0,4.5655856E-1,-1.1533502E-1,-9.272857E-1,5.617027E-3,8.4322083E-1],"split_indices":[72,81,31,45,63,43,27,0,0,0,0,0,0,0,0],"split_type":[0,0,0,0,0,0,0,0,0,0,0,0,0,0,0],