{"learner":{"attributes":{"scikit_learn":"{\"_estimator_type\": \"regressor\"}"},"feature_names":[],"feature_types":[],"gradient_booster":{"model":{"gbtree_model_param":{"num_parallel_tree":"1","num_trees":"2"},"iteration_indptr":[0,1,2],"tree_info":[0,0],"trees":[{"base_weights":[2.719154E-7,-4.346624E0,1.2124796E0,-3.4296448E0,-6.6560903E0,7.258862E-1,1.091776E1,-6.0314304E-1,-4.0109286E0,7.485984E0,5.319178E-1,8.1398356E-1,-2.2237654E0,-4.6464195E0,-1.8000182E0,8.530589E-1,-3.0146859E0,1.6612346E0,-1.2875104E0,-3.1625102E0,-8.566806E-1,-2.001349E-2,-5.0478454E0,-2.0831428E0,2.3248959E-1,2.768101E-1,2.0546968E0,-5.9087653E0,-1.7987689E0],"categories":[],"categories_nodes":[],"categories_segments":[],"categories_sizes":[],"default_left":[0,0,0,0,0,0,0,0,0,0,0,0,0,0,0,0,0,0,0,0,0,0,0,0,0,0,0,0,0],"id":0,"left_children":[1,3,5,7,-1,9,-1,11,13,-1,15,17,19,21,23,25,27,-1,-1,-1,-1,-1,-1,-1,-1,-1,-1,-1,-1],"loss_changes":[1.2806566E3,8.941174E1,8.893546E2,6.3300842E1,0E0,2.346647E2,0E0,2.0183125E1,3.800177E1,0E0,2.0530661E2,1.1041322E1,2.4241142E0,4.6328003E1,5.6633873E0,1.12991776E2,4.21559E1,0E0,0E0,0E0,0E0,0E0,0E0,0E0,0E0,0E0,0E0,0E0,0E0],"parents":[2147483647,0,0,1,1,2,2,3,3,5,5,7,7,8,8,10,10,11,11,12,12,13,13,14,14,15,15,16,16],"right_children":[2,4,6,8,-1,10,-1,12,14,-1,16,18,20,22,24,26,28,-1,-1,-1,-1,-1,-1,-1,-1,-1,-1,-1,-1],"split_conditions":[-3.5232909E0,2.3264532E0,9.130669E0,-3.3224926E0,-6.6560903E0,-4.6073875E0,1.091776E1,1.3346858E0,-4.704441E0,7.485984E0,4.1429567E0,5.476876E0,-5.5505466E0,-3.2984717E0,4.8668146E0,2.0734096E0,-2.5374525E0,1.6612346E0,-1.2875104E0,-3.1625102E0,-8.566806E-1,-2.001349E-2,-5.0478454E0,-2.0831428E0,2.3248959E-1,2.768101E-1,2.0546968E0,-5.9087653E0,-1.7987689E0],"split_indices":[0,2,0,1,0,1,0,7,0,0,2,3,0,2,1,0,0,0,0,0,0,0,0,0,0,0,0,0,0],"split_type":[0,0,0,0,0,0,0,0,0,0,0,0,0,0,0,0,0,0,0,0,0,0,0,0,0,0,0,0,0],"sum_hessian":[2.41E2,5.2E1,1.89E2,3.9E1,1.3E1,1.81E2,8E0,7E0,3.2E1,4E0,1.77E2,4E0,3E0,2.4E1,8E0,1.63E2,1.4E1,3E0,1E0,1E0,2E0,2E0,2.2E1,7E0,1E0,1.11E2,5.2E1,3E0,1.1E1],"tree_param":{"num_deleted":"0","num_feature":"10","num_nodes":"29","size_leaf_vector":"1"}},{"base_weights":[-1.732369E-2,2.2502334E0,-2.0958377E-1,2.6917644E0,-1.0018533E0,-1.1445261E0,3.1777674E-1,3.3639193E0,8.988269E-1,-1.1963902E0,-3.063898E-1,-8.1821984E-1,-2.9526021E0,1.2723035E-1,3.1618357E0,2.38449E0,4.726656E0,-5.712201E-1,1.7766554E0,7.018911E-1,-1.3190458E0,-9.954929E-2,-3.513258E0,3.0202076E-1,-2.3728147E0,1.1117964E0,3.5887332E0,1.8779755E-2,3.0577242E0,-1.0509152E0,1.9408512E-1,7.6544636E-1,2.4051414E0,-4.2347398E-2,2.6453807E0,-2.1804461E0,-7.735443E-1,1.6553497E-1,-3.148589E-1,-9.2300177E-1,-4.045447E0,-2.9110023E-1,1.120207E0,-2.9965253E0,-8.4404504E-1,3.2908487E-1,1.3386097E0,4.0949583E0,1.5487801E0],"categories":[],"categories_nodes":[],"categories_segments":[],"categories_sizes":[],"default_left":[0,0,0,0,0,0,0,0,0,0,0,0,0,0,0,0,0,0,0,0,0,0,0,0,0,0,0,0,0,0,0,0,0,0,0,0,0,0,0,0,0,0,0,0,0,0,0,0,0],"id":1,"left_children":[1,3,5,7,9,11,13,15,17,-1,-1,19,21,23,25,27,-1,29,31,33,35,37,39,41,43,45,47,-1,-1,-1,-1,-1,-1,-1,-1,-1,-1,-1,-1,-1,-1,-1,-1,-1,-1,-1,-1,-1,-1],"loss_changes":[1.0597411E2,2.997879E1,1.10807274E2,1.7463661E1,3.9318085E-2,4.537304E1,7.763494E1,4.7457886E0,8.757557E0,0E0,0E0,5.4217598E1,1.8845222E1,6.0146454E1,3.886467E0,1.4276676E1,0E0,1.3053067E0,7.0111656E-1,2.614758E1,2.3217766E1,2.2334574E-1,1.0051102E1,6.244237E1,6.052387E0,9.207201E-2,8.865509E-1,0E0,0E0,0E0,0E0,0E0,0E0,0E0,0E0,0E0,0E0,0E0,0E0,0E0,0E0,0E0,0E0,0E0,0E0,0E0,0E0,0E0,0E0],"parents":[2147483647,0,0,1,1,2,2,3,3,4,4,5,5,6,6,7,7,8,8,11,11,12,12,13,13,14,14,15,15,17,17,18,18,19,19,20,20,21,21,22,22,23,23,24,24,25,25,26,26],"right_children":[2,4,6,8,10,12,14,16,18,-1,-1,20,22,24,26,28,-1,30,32,34,36,38,40,42,44,46,48,-1,-1,-1,-1,-1,-1,-1,-1,-1,-1,-1,-1,-1,-1,-1,-1,-1,-1,-1,-1,-1,-1],"split_conditions":[-4.3241386E0,3.0942707E0,-1.196275E0,-9.667994E-1,1.0233484E1,1.1837305E0,4.2120857E0,-1.7972572E0,1.0239271E0,-1.1963902E0,-3.063898E-1,-1.8084574E0,8.8546425E-2,5.9904184E0,3.1131194E0,3.524817E-1,4.726656E0,-1.1284848E0,1.3767544E0,3.5308948E-1,-9.58254E-1,-4.3747597E0,3.1999603E-1,1.5030879E0,2.3759959E0,-1.2504084E-1,-3.2289023E0,1.8779755E-2,3.0577242E0,-1.0509152E0,1.9408512E-1,7.6544636E-1,2.4051414E0,-4.2347398E-2,2.6453807E0,-2.1804461E0,-7.735443E-1,1.6553497E-1,-3.148589E-1,-9.2300177E-1,-4.045447E0,-2.9110023E-1,1.120207E0,-2.9965253E0,-8.4404504E-1,3.2908487E-1,1.3386097E0,4.0949583E0,1.5487801E0],"split_indices":[2,0,6,7,0,7,4,6,0,0,0,4,3,1,7,0,0,0,0,3,4,0,8,3,3,0,2,0,0,0,0,0,0,0,0,0,0,0,0,0,0,0,0,0,0,0,0,0,0],"split_type":[0,0,0,0,0,0,0,0,0,0,0,0,0,0,0,0,0,0,0,0,0,0,0,0,0,0,0,0,0,0,0,0,0,0,0,0,0,0,0,0,0,0,0,0,0,0,0,0,0],"sum_hessian":[2.41E2,1.8E1,2.23E2,1.6E1,2E0,8E1,1.43E2,1.1E1,5E0,1E0,1E0,6.9E1,1.1E1,1.35E2,8E0,8E0,3E0,2E0,3E0,1.7E1,5.2E1,2E0,9E0,1.27E2,8E0,2E0,6E0,2E0,6E0,1E0,1E0,2E0,1E0,1.3E1,4E0,1.9E1,3.3E1,1E0,1E0,2E0,7E0,7.4E1,5.3E1,5E0,3E0,1E0,1E0,4E0,2E0],"tree_param":{"num_deleted":"0","num_feature":"10","num_nodes":"49","size_leaf_vector":"1"}}]},"name":"gbtree"},"learner_model_param":{"base_score":"1.272502E1","boost_from_average":"1","num_class":"0","num_feature":"10","num_target":"1"},"objective":{"name":"reg:squarederror","reg_loss_param":{"scale_pos_weight":"1"}}},"version":[2,0,3]}