{"learner":{"attributes":{"scikit_learn":"{\"_estimator_type\": \"regressor\"}"},"feature_names":[],"feature_types":[],"gradient_booster":{"model":{"gbtree_model_param":{"num_parallel_tree":"1","num_trees":"2"},"iteration_indptr":[0,1,2],"tree_info":[0,0],"trees":[{"base_weights":[2.719154E-7,-2.7222598E0,1.7778027E0,-4.4907517E0,-1.3788593E0,1.0984467E0,1.0077254E1,-5.060135E-1,-4.007238E0,-5.516895E-1,-4.3425145E0,2.471984E0,1.4836273E-1,8.871585E0,-1.8008042E-2],"categories":[],"categories_nodes":[],"categories_segments":[],"categories_sizes":[],"default_left":[0,0,0,0,0,0,0,0,0,0,0,0,0,0,0],"id":0,"left_children":[1,3,5,7,9,11,13,-1,-1,-1,-1,-1,-1,-1,-1],"loss_changes":[1.1760327E3,2.2188403E2,8.177581E2,7.881964E1,1.5255037E2,2.485281E2,1.1270532E2,0E0,0E0,0E0,0E0,0E0,0E0,0E0,0E0],"parents":[2147483647,0,0,1,1,2,2,3,3,4,4,5,5,6,6],"right_children":[2,4,6,8,10,12,14,-1,-1,-1,-1,-1,-1,-1,-1],"split_conditions":[-1.5943801E0,-4.298802E0,7.2482023E0,-3.0249357E0,5.309474E0,-1.3533503E0,2.6000515E-1,-5.060135E-1,-4.007238E0,-5.516895E-1,-4.3425145E0,2.471984E0,1.4836273E-1,8.871585E0,-1.8008042E-2],"split_indices":[0,0,0,2,2,2,2,0,0,0,0,0,0,0,0],"split_type":[0,0,0,0,0,0,0,0,0,0,0,0,0,0,0],"sum_hessian":[2.41E2,9.5E1,1.46E2,4E1,5.5E1,1.36E2,1E1,5E0,3.5E1,4.8E1,7E0,4.2E1,9.4E1,9E0,1E0],"tree_param":{"num_deleted":"0","num_feature":"10","num_nodes":"15","size_leaf_vector":"1"}},{"base_weights":[8.53891E-3,-5.391506E-1,1.5402246E0,-7.002803E-1,1.9854014E0,2.0155978E0,-2.6186144E0,-4.3346915E-1,-2.5322838E0,-7.73423E-1,2.199089E0,-1.9040302E0,1.8389066E0,-3.0901656E0,2.6219532E-1],"categories":[],"categories_nodes":[],"categories_segments":[],"categories_sizes":[],"default_left":[0,0,0,0,0,0,0,0,0,0,0,0,0,0,0],"id":1,"left_children":[1,3,5,7,9,11,13,-1,-1,-1,-1,-1,-1,-1,-1],"loss_changes":[2.0384137E2,7.420402E1,1.3180614E2,6.4292244E1,2.7450119E1,7.762982E1,2.6924778E1,0E0,0E0,0E0,0E0,0E0,0E0,0E0,0E0],"parents":[2147483647,0,0,1,1,2,2,3,3,4,4,5,5,6,6],"right_children":[2,4,6,8,10,12,14,-1,-1,-1,-1,-1,-1,-1,-1],"split_conditions":[2.159317E0,4.8786845E0,3.8554244E0,6.01374E0,-4.864401E0,-3.663331E0,5.235773E0,-4.3346915E-1,-2.5322838E0,-7.73423E-1,2.199089E0,-1.9040302E0,1.8389066E0,-3.0901656E0,2.6219532E-1],"split_indices":[0,6,2,1,4,6,0,0,0,0,0,0,0,0,0],"split_type":[0,0,0,0,0,0,0,0,0,0,0,0,0,0,0],"sum_hessian":[2.41E2,1.78E2,6.3E1,1.68E2,1E1,5.7E1,6E0,1.59E2,9E0,2E0,8E0,3E0,5.4E1,4E0,2E0],"tree_param":{"num_deleted":"0","num_feature":"10","num_nodes":"15","size_leaf_vector":"1"}}]},"name":"gbtree"},"learner_model_param":{"base_score":"1.272502E1","boost_from_average":"1","num_class":"0","num_feature":"10","num_target":"1"},"objective":{"name":"reg:squarederror","reg_loss_param":{"scale_pos_weight":"1"}}},"version":[2,0,3]}