{"learner":{"attributes":{"scikit_learn":"{\"_estimator_type\": \"regressor\"}"},"feature_names":[],"feature_types":[],"gradient_booster":{"model":{"gbtree_model_param":{"num_parallel_tree":"1","num_trees":"2"},"iteration_indptr":[0,1,2],"tree_info":[0,0],"trees":[{"base_weights":[2.719154E-7,-2.7222598E0,1.7778027E0,-4.4907517E0,-1.3788593E0,1.0984467E0,1.0077254E1,-6.3251686E-1,-5.0090475E0,-6.8961185E-1,-5.428143E0,3.08998E0,1.854534E-1,1.3861852E1,-2.8137565E-2,5.2123475E-1,-2.4500167E0,-5.595826E0,-1.1425172E0,2.675666E-1,-1.978591E0,-7.0938766E-1,-7.551808E0,-6.7751724E-1,3.6035326E0,6.143877E-1,-1.4537694E0,1.4083164E0,-8.0938756E-1,-3.3611293E0,-7.78372E0,-2.5087652E0,1.3249826E0,1.2056328E0,-2.8528745E0,4.3031125E0,-2.4217696E0,8.90612E-1,-1.3725207E0,-1.9126558E-1,3.9342656E0,1.4437054E0,-1.0359812E0,2.0159836E0,-2.4472067E0,-6.3323126E0,3.6234617E-2,-3.7666836E0,-6.2188804E-1,-3.2547069E0,1.9072307E0,-4.5450206E0,-5.9668034E-1,1.724829E-1,-3.2980192E0,8.90612E-1,-7.3001385E-1,5.489357E0,3.3494444E0,6.1011165E-1,3.6031952E0,-1.662651E0,5.818571E-1,4.2874827E0,-7.001368E-2,-2.7053525E0,8.90612E-1,7.0414937E-1,-9.6563756E-1,3.3120859E0,-1.0625205E0,-1.1281377E0,9.362102E-3,-3.3343878E0,1.5924795E0,-4.5769467E0,-7.7918375E-1,-1.140638E0,-2.2813797E-1,8.90612E-1,7.587478E0,1.2239369E0,4.777693E0,1.1523253E-1,5.0124793E0,5.974977E0,1.5468538E0,1.9452935E0,-2.954321E0,-1.1484566E0,2.0824795E0,5.8436215E-1,-7.156378E-1,-1.8250203E0,-3.7818418E0],"categories":[],"categories_nodes":[],"categories_segments":[],"categories_sizes":[],"default_left":[0,0,0,0,0,0,0,0,0,0,0,0,0,0,0,0,0,0,0,0,0,0,0,0,0,0,0,0,0,0,0,0,0,0,0,0,0,0,0,0,0,0,0,0,0,0,0,0,0,0,0,0,0,0,0,0,0,0,0,0,0,0,0,0,0,0,0,0,0,0,0,0,0,0,0,0,0,0,0,0,0,0,0,0,0,0,0,0,0,0,0,0,0,0,0],"id":0,"left_children":[1,3,5,7,9,11,13,15,17,19,21,23,25,-1,-1,27,-1,29,31,33,35,-1,-1,37,39,41,43,-1,-1,45,-1,47,-1,49,51,-1,53,-1,-1,55,57,59,61,63,65,-1,67,-1,-1,-1,69,-1,71,73,75,-1,77,79,81,83,85,87,89,-1,91,93,-1,-1,-1,-1,-1,-1,-1,-1,-1,-1,-1,-1,-1,-1,-1,-1,-1,-1,-1,-1,-1,-1,-1,-1,-1,-1,-1,-1,-1],"loss_changes":[1.1760327E3,2.2188403E2,8.177581E2,7.881964E1,1.5255037E2,2.485281E2,1.1270532E2,1.0211233E1,7.528339E1,6.098477E1,2.0419754E1,8.5638245E1,6.768947E1,0E0,0E0,3.559837E0,0E0,2.279364E1,2.0714252E1,8.832775E1,5.878956E1,0E0,0E0,4.2893066E0,4.8444946E1,1.0551534E2,7.387318E1,0E0,0E0,5.230757E1,0E0,2.5601978E0,0E0,6.643731E1,1.0198902E1,0E0,4.6033104E1,0E0,0E0,2.4677134E0,1.3444397E1,8.960864E1,2.7327536E1,1.4988174E1,1.4978119E1,0E0,2.1402783E0,0E0,0E0,0E0,4.3193947E1,0E0,5.6107914E-1,2.2167892E1,1.230275E1,0E0,1.3320994E-1,1.786377E1,2.7630493E1,6.65438E1,3.3059998E1,4.653856E1,1.4545565E1,0E0,1.0779234E0,1.562645E0,0E0,0E0,0E0,0E0,0E0,0E0,0E0,0E0,0E0,0E0,0E0,0E0,0E0,0E0,0E0,0E0,0E0,0E0,0E0,0E0,0E0,0E0,0E0,0E0,0E0,0E0,0E0,0E0,0E0],"parents":[2147483647,0,0,1,1,2,2,3,3,4,4,5,5,6,6,7,7,8,8,9,9,10,10,11,11,12,12,15,15,17,17,18,18,19,19,20,20,23,23,24,24,25,25,26,26,29,29,31,31,33,33,34,34,36,36,39,39,40,40,41,41,42,42,43,43,44,44,46,46,50,50,52,52,53,53,54,54,56,56,57,57,58,58,59,59,60,60,61,61,62,62,64,64,65,65],"right_children":[2,4,6,8,10,12,14,16,18,20,22,24,26,-1,-1,28,-1,30,32,34,36,-1,-1,38,40,42,44,-1,-1,46,-1,48,-1,50,52,-1,54,-1,-1,56,58,60,62,64,66,-1,68,-1,-1,-1,70,-1,72,74,76,-1,78,80,82,84,86,88,90,-1,92,94,-1,-1,-1,-1,-1,-1,-1,-1,-1,-1,-1,-1,-1,-1,-1,-1,-1,-1,-1,-1,-1,-1,-1,-1,-1,-1,-1,-1,-1],"split_conditions":[-1.5943801E0,-4.298802E0,7.2482023E0,-3.0249357E0,5.309474E0,-1.3533503E0,2.6000515E-1,-5.4249007E-1,3.9145813E0,5.068111E-1,-3.3361917E0,-9.810987E-1,3.9426541E0,1.3861852E1,-2.8137565E-2,-6.6976995E0,-2.4500167E0,-1.7688619E0,-4.584037E0,-2.1465607E0,-4.26061E0,-7.0938766E-1,-7.551808E0,-1.3260545E0,-4.654808E0,3.3233602E0,-1.543085E0,1.4083164E0,-8.0938756E-1,1.5334332E0,-7.78372E0,-5.3379645E0,1.3249826E0,-2.7938442E0,-1.8347902E0,4.3031125E0,-8.154747E-1,8.90612E-1,-1.3725207E0,6.6960263E-1,-4.819943E0,-5.8581215E-1,3.3678955E-1,2.4123752E0,4.022985E0,-6.3323126E0,-4.500777E0,-3.7666836E0,-6.2188804E-1,-3.2547069E0,4.1372867E0,-4.5450206E0,-1.6842536E0,-3.8316853E0,4.799012E0,8.90612E-1,8.602567E-1,-3.5712552E0,-2.2606692E0,3.3250513E0,1.2024108E0,-2.3037048E-1,2.0965505E0,4.2874827E0,-4.3268493E-1,4.6972055E0,8.90612E-1,7.0414937E-1,-9.6563756E-1,3.3120859E0,-1.0625205E0,-1.1281377E0,9.362102E-3,-3.3343878E0,1.5924795E0,-4.5769467E0,-7.7918375E-1,-1.140638E0,-2.2813797E-1,8.90612E-1,7.587478E0,1.2239369E0,4.777693E0,1.1523253E-1,5.0124793E0,5.974977E0,1.5468538E0,1.9452935E0,-2.954321E0,-1.1484566E0,2.0824795E0,5.8436215E-1,-7.156378E-1,-1.8250203E0,-3.7818418E0],"split_indices":[0,0,0,2,2,2,2,5,6,8,1,0,1,0,0,0,0,8,4,0,2,0,0,0,4,2,8,0,0,1,0,0,0,3,0,0,9,0,0,0,2,6,9,3,0,0,0,0,0,0,1,0,0,2,7,0,0,3,6,1,1,0,6,0,0,1,0,0,0,0,0,0,0,0,0,0,0,0,0,0,0,0,0,0,0,0,0,0,0,0,0,0,0,0,0],"split_type":[0,0,0,0,0,0,0,0,0,0,0,0,0,0,0,0,0,0,0,0,0,0,0,0,0,0,0,0,0,0,0,0,0,0,0,0,0,0,0,0,0,0,0,0,0,0,0,0,0,0,0,0,0,0,0,0,0,0,0,0,0,0,0,0,0,0,0,0,0,0,0,0,0,0,0,0,0,0,0,0,0,0,0,0,0,0,0,0,0,0,0,0,0,0,0],"sum_hessian":[2.41E2,9.5E1,1.46E2,4E1,5.5E1,1.36E2,1E1,5E0,3.5E1,4.8E1,7E0,4.2E1,9.4E1,9E0,1E0,3E0,2E0,3E1,5E0,2.8E1,2E1,1E0,6E0,5E0,3.7E1,7.5E1,1.9E1,2E0,1E0,8E0,2.2E1,3E0,2E0,2.2E1,6E0,1E0,1.9E1,1E0,4E0,3E0,3.4E1,5E1,2.5E1,4E0,1.5E1,5E0,3E0,2E0,1E0,3E0,1.9E1,4E0,2E0,5E0,1.4E1,1E0,2E0,7E0,2.7E1,3.7E1,1.3E1,1.8E1,7E0,2E0,2E0,1.4E1,1E0,2E0,1E0,1.5E1,4E0,1E0,1E0,1E0,4E0,1.2E1,2E0,1E0,1E0,1E0,6E0,5E0,2.2E1,3.3E1,4E0,8E0,5E0,3E0,1.5E1,3E0,4E0,1E0,1E0,4E0,1E1],"tree_param":{"num_deleted":"0","num_feature":"10","num_nodes":"95","size_leaf_vector":"1"}},{"base_weights":[9.713356E-3,6.951587E-2,-2.3541048E0,1.2044165E-1,-2.3175287E0,-6.260576E-1,-3.8270175E0,7.283637E-1,-2.0974204E-2,-3.3724394E0,-4.9739838E-1,-2.1956265E-1,-9.542954E-1,-1.4136086E0,9.7790116E-1,1.4267005E-1,-1.0141847E0,-1.940918E0,-5.356908E-1,9.688858E-2,1.3087374E0,5.28072E-2,2.1506217E0,-6.9295526E-2,-1.6594651E0,1.0946516E0,-2.1212916E-1,2.1233244E0,6.9297177E-1,4.3284845E-1,-2.3175998E-1,4.114524E0,-5.848932E-1,-7.9463655E-1,1.9750571E0,8.985587E-2,-2.7180433E0,3.2916427E-1,1.7233074E0,-4.5640117E-1,1.3579845E-1,1.8804834E0,3.3611994E0,-2.9023516E-1,1.21736E0,-8.857848E-2,1.4437084E0,-3.0952861E0,-5.5243466E-2,8.8340914E-1,-1.6556984E0,-1.1168774E0,8.273742E-1,2.171874E-1,-3.8233237E0],"categories":[],"categories_nodes":[],"categories_segments":[],"categories_sizes":[],"default_left":[0,0,0,0,0,0,0,0,0,0,0,0,0,0,0,0,0,0,0,0,0,0,0,0,0,0,0,0,0,0,0,0,0,0,0,0,0,0,0,0,0,0,0,0,0,0,0,0,0,0,0,0,0,0,0],"id":1,"left_children":[1,3,5,7,9,11,-1,13,15,-1,-1,-1,-1,17,19,21,23,-1,-1,25,27,29,31,33,35,37,39,41,43,45,47,-1,-1,49,-1,51,53,-1,-1,-1,-1,-1,-1,-1,-1,-1,-1,-1,-1,-1,-1,-1,-1,-1,-1],"loss_changes":[3.4373318E1,2.9089346E1,5.418911E0,2.0046246E1,2.577755E0,5.1531553E-2,0E0,2.4900469E1,3.1026003E1,0E0,0E0,0E0,0E0,1.9804955E-2,1.1532036E1,2.9478636E1,1.6347404E1,0E0,0E0,3.9321249E0,1.3074837E1,1.7187584E1,2.2454395E1,1.561158E1,2.9872921E1,3.452301E-1,5.304149E-1,1.5588379E-1,4.904189E0,2.4816105E1,3.820013E1,0E0,0E0,8.096556E0,0E0,4.5290723E0,1.0381348E1,0E0,0E0,0E0,0E0,0E0,0E0,0E0,0E0,0E0,0E0,0E0,0E0,0E0,0E0,0E0,0E0,0E0,0E0],"parents":[2147483647,0,0,1,1,2,2,3,3,4,4,5,5,7,7,8,8,13,13,14,14,15,15,16,16,19,19,20,20,21,21,22,22,23,23,24,24,25,25,26,26,27,27,28,28,29,29,30,30,33,33,35,35,36,36],"right_children":[2,4,6,8,10,12,-1,14,16,-1,-1,-1,-1,18,20,22,24,-1,-1,26,28,30,32,34,36,38,40,42,44,46,48,-1,-1,50,-1,52,54,-1,-1,-1,-1,-1,-1,-1,-1,-1,-1,-1,-1,-1,-1,-1,-1,-1,-1],