{"learner":{"attributes":{"scikit_learn":"{\"_estimator_type\": \"regressor\"}"},"feature_names":[],"feature_types":[],"gradient_booster":{"model":{"gbtree_model_param":{"num_parallel_tree":"1","num_trees":"2"},"iteration_indptr":[0,1,2],"tree_info":[0,0],"trees":[{"base_weights":[2.719154E-7,-4.7594315E-1,8.871585E0,-3.906594E0,5.558963E-1,-3.0330431E0,-5.3690147E0,9.7871417E-1,-3.0784404E0,-4.0721865E0,-5.8966184E-1,-1.8166575E-1,2.0583725E0,-5.182517E0,-1.9568048E0,-5.060135E-1,-3.7878556E0,1.8719872E0,-1.5964149E0,-3.9077672E-1,1.8070967E0,3.1900642E0,9.7618383E-1,-4.540081E-1,-4.793613E0,-4.1613158E-2,-2.1708148E0],"categories":[],"categories_nodes":[],"categories_segments":[],"categories_sizes":[],"default_left":[0,0,0,0,0,0,0,0,0,0,0,0,0,0,0,0,0,0,0,0,0,0,0,0,0,0,0],"id":0,"left_children":[1,3,-1,5,7,9,-1,11,13,15,17,19,21,23,25,-1,-1,-1,-1,-1,-1,-1,-1,-1,-1,-1,-1],"loss_changes":[1.2825455E3,8.269639E2,0E0,1.119458E2,2.7961218E2,1.06776794E2,0E0,2.033298E2,3.469896E1,6.5382355E1,6.2330746E1,6.0256157E1,1.3095816E2,1.9014542E1,2.0038158E1,0E0,0E0,0E0,0E0,0E0,0E0,0E0,0E0,0E0,0E0,0E0,0E0],"parents":[2147483647,0,0,1,1,3,3,4,4,5,5,7,7,8,8,9,9,10,10,11,11,12,12,13,13,14,14],"right_children":[2,4,-1,6,8,10,-1,12,14,16,18,20,22,24,26,-1,-1,-1,-1,-1,-1,-1,-1,-1,-1,-1,-1],"split_conditions":[7.097574E0,-3.452819E0,8.871585E0,2.2547195E0,4.032422E0,-4.292171E0,-5.3690147E0,6.1935705E-1,-2.1339505E0,-3.0237339E0,-2.752968E0,3.7693439E0,-2.1507375E0,-3.081217E0,-1.2774692E0,-5.060135E-1,-3.7878556E0,1.8719872E0,-1.5964149E0,-3.9077672E-1,1.8070967E0,3.1900642E0,9.7618383E-1,-4.540081E-1,-4.793613E0,-4.1613158E-2,-2.1708148E0],"split_indices":[0,0,0,2,2,0,0,0,0,2,9,4,2,1,0,0,0,0,0,0,0,0,0,0,0,0,0],"split_type":[0,0,0,0,0,0,0,0,0,0,0,0,0,0,0,0,0,0,0,0,0,0,0,0,0,0,0],"sum_hessian":[2.41E2,2.32E2,9E0,5.3E1,1.79E2,4.2E1,1.1E1,1.61E2,1.8E1,2.9E1,1.3E1,7.8E1,8.3E1,5E0,1.3E1,5E0,2.4E1,4E0,9E0,7E1,8E0,2.4E1,5.9E1,1E0,4E0,4E0,9E0],"tree_param":{"num_deleted":"0","num_feature":"10","num_nodes":"27","size_leaf_vector":"1"}},{"base_weights":[-9.889245E-3,-4.1593203E-1,1.3461802E0,-5.685686E-1,2.6660538E0,-1.6243124E0,1.9495578E0,-2.7214296E0,-4.5064315E-1,-1.0078212E0,3.1741502E0,-2.943444E0,1.0902462E0,-1.48834E0,2.3039749E0,-2.6818064E-1,-2.354703E0,-6.204819E-1,-2.5403872E0,2.393575E-1,1.3853577E0,-1.5780991E0,1.7951813E-1,3.6050682E0,1.750562E0,1.2603284E0,-3.7692937E-1,5.2630234E-1,-2.0935028E0,-6.16803E-1,1.7457098E0],"categories":[],"categories_nodes":[],"categories_segments":[],"categories_sizes":[],"default_left":[0,0,0,0,0,0,0,0,0,0,0,0,0,0,0,0,0,0,0,0,0,0,0,0,0,0,0,0,0,0,0],"id":1,"left_children":[1,3,5,7,9,11,13,-1,15,-1,-1,17,19,21,23,25,27,-1,-1,-1,-1,-1,-1,-1,29,-1,-1,-1,-1,-1,-1],"loss_changes":[1.338105E2,8.948506E1,1.0353709E2,5.827243E1,5.0988342E1,3.9017677E1,6.0696213E1,0E0,5.9472103E1,0E0,0E0,1.0582657E0,1.5115585E0,4.5899076E0,4.452043E1,6.0242317E1,1.3568962E1,0E0,0E0,0E0,0E0,0E0,0E0,0E0,4.085926E1,0E0,0E0,0E0,0E0,0E0,0E0],"parents":[2147483647,0,0,1,1,2,2,3,3,4,4,5,5,6,6,8,8,11,11,12,12,13,13,14,14,15,15,16,16,24,24],"right_children":[2,4,6,8,10,12,14,-1,16,-1,-1,18,20,22,24,26,28,-1,-1,-1,-1,-1,-1,-1,30,-1,-1,-1,-1,-1,-1],"split_conditions":[2.5211992E0,5.0616856E0,-3.4261458E0,-6.532117E0,-4.8008313E0,4.8715105E0,-3.4714153E0,-2.7214296E0,5.5642266E0,-1.0078212E0,3.1741502E0,-2.8721044E0,6.8343315E0,4.0011616E0,-3.5530586E0,-2.751665E0,-1.3982085E0,-6.204819E-1,-2.5403872E0,2.393575E-1,1.3853577E0,-1.5780991E0,1.7951813E-1,3.6050682E0,-2.2271981E0,1.2603284E0,-3.7692937E-1,5.2630234E-1,-2.0935028E0,-6.16803E-1,1.7457098E0],"split_indices":[0,6,4,0,4,0,5,0,1,0,0,3,0,0,1,9,2,0,0,0,0,0,0,0,1,0,0,0,0,0,0],"split_type":[0,0,0,0,0,0,0,0,0,0,0,0,0,0,0,0,0,0,0,0,0,0,0,0,0,0,0,0,0,0,0],"sum_hessian":[2.41E2,1.86E2,5.5E1,1.78E2,8E0,9E0,4.6E1,6E0,1.72E2,2E0,6E0,6E0,3E0,4E0,4.2E1,1.58E2,1.4E1,1E0,5E0,2E0,1E0,3E0,1E0,7E0,3.5E1,1.5E1,1.43E2,1E0,1.3E1,5E0,3E1],"tree_param":{"num_deleted":"0","num_feature":"10","num_nodes":"31","size_leaf_vector":"1"}}]},"name":"gbtree"},"learner_model_param":{"base_score":"1.272502E1","boost_from_average":"1","num_class":"0","num_feature":"10","num_target":"1"},"objective":{"name":"reg:squarederror","reg_loss_param":{"scale_pos_weight":"1"}}},"version":[2,0,3]}