{"learner":{"attributes":{"scikit_learn":"{\"_estimator_type\": \"regressor\"}"},"feature_names":[],"feature_types":[],"gradient_booster":{"model":{"gbtree_model_param":{"num_parallel_tree":"1","num_trees":"2"},"iteration_indptr":[0,1,2],"tree_info":[0,0],"trees":[{"base_weights":[-5.070105E-9,-7.303605E-2,5.815833E-1,-1.8157443E-1,9.51E-2,3.6038068E-1,1.0365833E0,-2.27663E-1,-1.882084E-2,4.155729E-2,3.6366963E-1,5.953409E-1,1.1496874E-1,-3.7392858E-1,-1.8742836E-1,-2.4753335E-1,1.29865995E-2,-9.666146E-2,1.0840816E-1,6.469999E-2,4.767875E-1,1.9652501E-1,5.566125E-1,-2.067858E-2,2.540625E-1,-4.0293336E-1,-2.0427692E-1,-1.08778335E-1,-2.508087E-1,6.559999E-2,-6.869167E-2,-1.1693501E-1,9.6559994E-2,1.05395555E-1,-9.8639995E-2,1.20466664E-1,-3.42E-2,1.70525E-1,4.4745713E-1,-6.344001E-2,6.713333E-2,2.1975999E-1,6.034999E-2],"categories":[],"categories_nodes":[],"categories_segments":[],"categories_sizes":[],"default_left":[0,0,0,0,0,0,0,0,0,0,0,0,0,0,0,0,0,0,0,0,0,0,0,0,0,0,0,0,0,0,0,0,0,0,0,0,0,0,0,0,0,0,0],"id":0,"left_children":[1,3,5,7,9,11,-1,13,15,17,19,21,23,25,27,-1,29,31,33,35,37,-1,-1,39,41,-1,-1,-1,-1,-1,-1,-1,-1,-1,-1,-1,-1,-1,-1,-1,-1,-1,-1],"loss_changes":[1.0279325E1,3.9408488E0,3.7982597E0,9.7835684E-1,1.2071822E0,1.2001195E0,0E0,5.30179E-1,2.8131154E-1,6.757621E-1,4.4261527E-1,2.1536756E-1,2.31666E-1,1.944685E-1,4.8935652E-1,0E0,1.9805844E-1,2.7590603E-1,2.8119725E-1,5.2578256E-2,9.8362446E-2,0E0,0E0,4.9575247E-2,1.3955534E-3,0E0,0E0,0E0,0E0,0E0,0E0,0E0,0E0,0E0,0E0,0E0,0E0,0E0,0E0,0E0,0E0,0E0,0E0],"parents":[2147483647,0,0,1,1,2,2,3,3,4,4,5,5,7,7,8,8,9,9,10,10,11,11,12,12,13,13,14,14,16,16,17,17,18,18,19,19,20,20,23,23,24,24],"right_children":[2,4,6,8,10,12,-1,14,16,18,20,22,24,26,28,-1,30,32,34,36,38,-1,-1,40,42,-1,-1,-1,-1,-1,-1,-1,-1,-1,-1,-1,-1,-1,-1,-1,-1,-1,-1],"split_conditions":[1.0977646E0,-1.9346904E-3,1.2164686E0,4.0261894E-1,2.786272E-1,1.6716251E-1,1.0365833E0,-9.305861E-1,-8.1476897E-1,-1.5322645E-1,-9.014132E-2,4.9349915E-2,6.2968895E-2,1.5584794E-1,1.7320508E0,-2.4753335E-1,2.2931646E-1,7.433951E-1,1.3304261E0,6.98294E-2,6.429621E-1,1.9652501E-1,5.566125E-1,1.3956563E0,1.6483274E-1,-4.0293336E-1,-2.0427692E-1,-1.08778335E-1,-2.508087E-1,6.559999E-2,-6.869167E-2,-1.1693501E-1,9.6559994E-2,1.05395555E-1,-9.8639995E-2,1.20466664E-1,-3.42E-2,1.70525E-1,4.4745713E-1,-6.344001E-2,6.713333E-2,2.1975999E-1,6.034999E-2],"split_indices":[1,26,51,1,85,27,0,26,42,70,83,9,39,80,60,0,42,83,19,3,26,0,0,1,0,0,0,0,0,0,0,0,0,0,0,0,0,0,0,0,0,0,0],"split_type":[0,0,0,0,0,0,0,0,0,0,0,0,0,0,0,0,0,0,0,0,0,0,0,0,0,0,0,0,0,0,0,0,0,0,0,0,0,0,0,0,0,0,0],"sum_hessian":[2.4E2,2.14E2,2.6E1,1.3E2,8.4E1,2.1E1,5E0,1.01E2,2.9E1,7.1E1,1.3E1,1E1,1.1E1,2E1,8.1E1,2E0,2.7E1,2.3E1,4.8E1,4E0,9E0,3E0,7E0,6E0,5E0,8E0,1.2E1,5.9E1,2.2E1,1.6E1,1.1E1,1.9E1,4E0,4.4E1,4E0,2E0,2E0,3E0,6E0,4E0,2E0,4E0,1E0],"tree_param":{"num_deleted":"0","num_feature":"100","num_nodes":"43","size_leaf_vector":"1"}},{"base_weights":[6.4179706E-3,-5.109849E-3,5.5257505E-1,-7.336823E-2,3.0573573E-2,-8.715678E-2,2.172977E-1,-1.4245538E-1,5.1218387E-2,-7.053367E-2,-2.7764904E-1,1.986133E-2,2.1854334E-1,-7.5063474E-2,-2.741706E-1,1.1333503E-1,1.690262E-2,4.9791463E-2,-7.005631E-2,-2.1939237E-2,-2.577674E-1,-9.913301E-2,8.581028E-3,1.4302105E-1,2.2991814E-2,7.685687E-2,-1.259246E-2],"categories":[],"categories_nodes":[],"categories_segments":[],"categories_sizes":[],"default_left":[0,0,0,0,0,0,0,0,0,0,0,0,0,0,0,0,0,0,0,0,0,0,0,0,0,0,0],"id":1,"left_children":[1,3,-1,5,7,9,11,13,15,17,19,-1,-1,21,-1,23,25,-1,-1,-1,-1,-1,-1,-1,-1,-1,-1],"loss_changes":[1.9046569E0,5.8193797E-1,0E0,3.4758365E-1,5.6812394E-1,2.3057574E-1,3.624013E-2,2.0370269E-1,2.9863712E-1,1.7283946E-1,5.8064193E-2,0E0,0E0,6.000413E-2,0E0,2.716632E-1,2.3926887E-1,0E0,0E0,0E0,0E0,0E0,0E0,0E0,0E0,0E0,0E0],"parents":[2147483647,0,0,1,1,3,3,4,4,5,5,6,6,7,7,8,8,9,9,10,10,13,13,15,15,16,16],"right_children":[2,4,-1,6,8,10,12,14,16,18,20,-1,-1,22,-1,24,26,-1,-1,-1,-1,-1,-1,-1,-1,-1,-1],"split_conditions":[2.8750443E0,-4.1466865E-1,5.5257505E-1,1.5308454E0,-9.796978E-1,3.6477917E-1,-4.3777934E-1,4.205136E-1,7.442413E-2,-7.2553325E-1,-8.988488E-1,1.986133E-2,2.1854334E-1,-3.0738056E-1,-2.741706E-1,3.0153456E-1,-3.0063826E-1,4.9791463E-2,-7.005631E-2,-2.1939237E-2,-2.577674E-1,-9.913301E-2,8.581028E-3,1.4302105E-1,2.2991814E-2,7.685687E-2,-1.259246E-2],"split_indices":[19,26,0,90,1,72,0,24,65,28,0,0,0,12,0,34,93,0,0,0,0,0,0,0,0,0,0],"split_type":[0,0,0,0,0,0,0,0,0,0,0,0,0,0,0,0,0,0,0,0,0,0,0,0,0,0,0],"sum_hessian":[2.4E2,2.37E2,3E0,8.1E1,1.56E2,7.8E1,3E0,1.6E1,1.4E2,7.3E1,5E0,1E0,2E0,1.3E1,3E0,4.9E1,9.1E1,8E0,6.5E1,1E0,4E0,8E0,5E0,2.7E1,2.2E1,2.6E1,6.5E1],"tree_param":{"num_deleted":"0","num_feature":"100","num_nodes":"27","size_leaf_vector":"1"}}]},"name":"gbtree"},"learner_model_param":{"base_score":"4.99125E-1","boost_from_average":"1","num_class":"0","num_feature":"100","num_target":"1"},"objective":{"name":"reg:squarederror","reg_loss_param":{"scale_pos_weight":"1"}}},"version":[2,0,3]}