{"learner":{"attributes":{"scikit_learn":"{\"_estimator_type\": \"regressor\"}"},"feature_names":[],"feature_types":[],"gradient_booster":{"model":{"gbtree_model_param":{"num_parallel_tree":"1","num_trees":"10"},"iteration_indptr":[0,1,2,3,4,5,6,7,8,9,10],"tree_info":[0,0,0,0,0,0,0,0,0,0],"trees":[{"base_weights":[-5.070105E-9,-7.303605E-2,5.815833E-1,-1.8157443E-1,9.51E-2,3.8083696E-1,2.7774E-1,-4.55326E-2,-3.7641681E-3,8.311458E-3,7.273393E-2,1.2299376E-1,2.2993749E-2],"categories":[],"categories_nodes":[],"categories_segments":[],"categories_sizes":[],"default_left":[0,0,0,0,0,0,0,0,0,0,0,0,0],"id":0,"left_children":[1,3,5,7,9,11,-1,-1,-1,-1,-1,-1,-1],"loss_changes":[1.0279325E1,3.9408488E0,3.845827E0,9.7835684E-1,1.2071822E0,1.3610067E0,0E0,0E0,0E0,0E0,0E0,0E0,0E0],"parents":[2147483647,0,0,1,1,2,2,3,3,4,4,5,5],"right_children":[2,4,6,8,10,12,-1,-1,-1,-1,-1,-1,-1],"split_conditions":[1.0977646E0,-1.9346904E-3,2.1574857E0,4.0261894E-1,2.786272E-1,1.6716251E-1,2.7774E-1,-4.55326E-2,-3.7641681E-3,8.311458E-3,7.273393E-2,1.2299376E-1,2.2993749E-2],"split_indices":[1,25,37,1,89,26,0,0,0,0,0,0,0],"split_type":[0,0,0,0,0,0,0,0,0,0,0,0,0],"sum_hessian":[2.4E2,2.14E2,2.6E1,1.3E2,8.4E1,2.2E1,4E0,1.01E2,2.9E1,7.1E1,1.3E1,1.1E1,1.1E1],"tree_param":{"num_deleted":"0","num_feature":"100","num_nodes":"13","size_leaf_vector":"1"}},{"base_weights":[1.8899342E-3,-2.5698928E-2,2.1734737E-1,-1.8680586E-1,5.969764E-2,-4.2093694E-2,6.54464E-2,-1.29827475E-2,3.2616492E-2],"categories":[],"categories_nodes":[],"categories_segments":[],"categories_sizes":[],"default_left":[0,0,0,0,0,0,0,0,0],"id":1,"left_children":[1,3,-1,5,7,-1,-1,-1,-1],"loss_changes":[7.240984E0,3.258035E0,0E0,1.0662768E0,2.0074396E0,0E0,0E0,0E0,0E0],"parents":[2147483647,0,0,1,1,3,3,4,4],"right_children":[2,4,-1,6,8,-1,-1,-1,-1],"split_conditions":[1.9350481E0,-4.1466865E-1,2.1734737E-1,1.5308454E0,4.3934837E-2,-4.2093694E-2,6.54464E-2,-1.29827475E-2,3.2616492E-2],"split_indices":[37,25,0,93,1,0,0,0,0],"split_type":[0,0,0,0,0,0,0,0,0],"sum_hessian":[2.4E2,2.35E2,5E0,8.1E1,1.54E2,7.8E1,3E0,7E1,8.4E1],"tree_param":{"num_deleted":"0","num_feature":"100","num_nodes":"9","size_leaf_vector":"1"}},{"base_weights":[2.592174E-3,-5.01434E-2,4.2242756E-1,-9.5998146E-2,1.4680108E-1,2.5852966E-1,1.905964E-1,-9.2839645E-3,-4.7638573E-2,-1.786424E-2,4.517018E-2,8.537472E-2,1.6534047E-2],"categories":[],"categories_nodes":[],"categories_segments":[],"categories_sizes":[],"default_left":[0,0,0,0,0,0,0,0,0,0,0,0,0],"id":2,"left_children":[1,3,5,7,9,11,-1,-1,-1,-1,-1,-1,-1],"loss_changes":[5.3569846E0,1.9557228E0,2.1014585E0,1.2226537E0,7.854556E-1,6.1601746E-1,0E0,0E0,0E0,0E0,0E0,0E0,0E0],"parents":[2147483647,0,0,1,1,2,2,3,3,4,4,5,5],"right_children":[2,4,6,8,10,12,-1,-1,-1,-1,-1,-1,-1],"split_conditions":[1.0977646E0,5.3977865E-1,1.5487787E0,1.7320508E0,-3.5045522E-1,1.6716251E-1,1.905964E-1,-9.2839645E-3,-4.7638573E-2,-1.786424E-2,4.517018E-2,8.537472E-2,1.6534047E-2],"split_indices":[1,25,29,57,66,26,0,0,0,0,0,0,0],"split_type":[0,0,0,0,0,0,0,0,0,0,0,0,0],"sum_hessian":[2.4E2,2.14E2,2.6E1,1.74E2,4E1,2.1E1,5E0,1.3E2,4.4E1,1E1,3E1,1E1,1.1E1],"tree_param":{"num_deleted":"0","num_feature":"100","num_nodes":"13","size_leaf_vector":"1"}},{"base_weights":[3.1645608E-3,-1.7089905E-2,7.993128E-1,-7.149212E-2,1.1561535E-1,6.5353535E-2,1.9077869E-1,-2.4916863E-2,1.3568552E-2,3.1242657E-2,-1.8048529E-2],"categories":[],"categories_nodes":[],"categories_segments":[],"categories_sizes":[],"default_left":[0,0,0,0,0,0,0,0,0,0,0],"id":3,"left_children":[1,3,5,7,9,-1,-1,-1,-1,-1,-1],"loss_changes":[3.8999193E0,1.7120582E0,1.2657642E-1,1.2512479E0,5.907584E-1,0E0,0E0,0E0,0E0,0E0,0E0],"parents":[2147483647,0,0,1,1,2,2,3,3,4,4],"right_children":[2,4,6,8,10,-1,-1,-1,-1,-1,-1],"split_conditions":[1.9483682E0,4.5103067E-1,1.8776958E0,1.7320508E0,4.555466E-1,6.5353535E-2,1.9077869E-1,-2.4916863E-2,1.3568552E-2,3.1242657E-2,-1.8048529E-2],"split_indices":[62,1,1,59,8,0,0,0,0,0,0],"split_type":[0,0,0,0,0,0,0,0,0,0,0],"sum_hessian":[2.4E2,2.35E2,5E0,1.67E2,6.8E1,2E0,3E0,1.21E2,4.6E1,5.7E1,1.1E1],"tree_param":{"num_deleted":"0","num_feature":"100","num_nodes":"11","size_leaf_vector":"1"}},{"base_weights":[3.6020915E-3,-1.3664108E-2,6.821389E-1,-8.050462E-2,7.964554E-2,5.663973E-2,1.6216187E-1,-1.9091638E-2,6.727039E-2,-1.4606316E-3,2.9308025E-2],"categories":[],"categories_nodes":[],"categories_segments":[],"categories_sizes":[],"default_left":[0,0,0,0,0,0,0,0,0,0,0],"id":4,"left_children":[1,3,5,7,9,-1,-1,-1,-1,-1,-1],"loss_changes":[2.8328168E0,1.4783118E0,7.837081E-2,8.923295E-1,5.7689345E-1,0E0,0E0,0E0,0E0,0E0,0E0],"parents":[2147483647,0,0,1,1,2,2,3,3,4,4],"right_children":[2,4,6,8,10,-1,-1,-1,-1,-1,-1],"split_conditions":[1.9483682E0,-1.9346904E-3,1.8776958E0,1.216054E0,4.3934837E-2,5.663973E-2,1.6216187E-1,-1.9091638E-2,6.727039E-2,-1.4606316E-3,2.9308025E-2],"split_indices":[62,25,1,1,1,0,0,0,0,0,0],"split_type":[0,0,0,0,0,0,0,0,0,0,0],"sum_hessian":[2.4E2,2.35E2,5E0,1.37E2,9.8E1,2E0,3E0,1.33E2,4E0,4.3E1,5.5E1],"tree_param":{"num_deleted":"0","num_feature":"100","num_nodes":"11","size_leaf_vector":"1"}},{"base_weights":[4.1050273E-3,-1.4130077E-2,4.7573552E-1,-6.271215E-2,7.609681E-2,2.541446E-1,1.378376E-1,-6.453158E-3,-3.348599E-2,7.819489E-3,6.77165E-2,5.422616E-3,5.882566E-2],"categories":[],"categories_nodes":[],"categories_segments":[],"categories_sizes":[],"default_left":[0,0,0,0,0,0,0,0,0,0,0,0,0],"id":5,"left_children":[1,3,5,7,9,11,-1,-1,-1,-1,-1,-1,-1],"loss_changes":[2.079378E0,1.0261065E0,2.5053883E-1,4.7921556E-1,7.831303E-1,4.649064E-2,0E0,0E0,0E0,0E0,0E0,0E0,0E0],"parents":[2147483647,0,0,1,1,2,2,3,3,4,4,5,5],"right_children":[2,4,6,8,10,12,-1,-1,-1,-1,-1,-1,-1],"split_conditions":[1.3150784E0,1.9365768E-1,3.6369474E0,8.530198E-1,1.1846755E0,1.05478086E-1,1.378376E-1,-6.453158E-3,-3.348599E-2,7.819489E-3,6.77165E-2,5.422616E-3,5.882566E-2],"split_indices":[29,93,29,51,25,3,0,0,0,0,0,0,0],"split_type":[0,0,0,0,0,0,0,0,0,0,0,0,0],"sum_hessian":[2.4E2,2.32E2,8E0,1.51E2,8.1E1,5E0,3E0,1.18E2,3.3E1,7.2E1,9E0,1E0,4E0],"tree_param":{"num_deleted":"0","num_feature":"100","num_nodes":"13","size_leaf_vector":"1"}},{"base_weights":[4.270258E-3,-1.5953388E-2,3.3332175E-1,-1.4808944E-1,1.0418985E-2,2.1120594E-1,1.1716195E-1,-2.3592515E-2,-9.204974E-2,-4.4765808E-2,6.0423296E-3,5.2472938E-2,-2.5344412E-3],"categories":[],"categories_nodes":[],"categories_segments":[],"categories_sizes":[],"default_left":[0,0,0,0,0,0,0,0,0,0,0,0,0],"id":6,"left_children":[1,3,5,7,9,11,-1,-1,-1,-1,-1,-1,-1],"loss_changes":[1.6090813E0,7.9606396E-1,3.0793238E-1,3.0307436E-1,8.92313E-1,1.2931126E-1,0E0,0E0,0E0,0E0,0E0,0E0,0E0],"parents":[2147483647,0,0,1,1,2,2,3,3,4,4,5,5],"right_children":[2,4,6,8,10,12,-1,-1,-1,-1,-1,-1,-1],"split_conditions":[1.4956381E0,-7.7581084E-1,1.5559726E0,2.236495E0,-1.2600166E0,1.8585505E0,1.1716195E-1,-2.3592515E-2,-9.204974E-2,-4.4765808E-2,6.0423296E-3,5.2472938E-2,-2.5344412E-3],"split_indices":[1,25,29,0,1,35,0,0,0,0,0,0,0],"split_type":[0,0,0,0,0,0,0,0,0,0,0,0,0],"sum_hessian":[2.4E2,2.27E2,1.3E1,3.7E1,1.9E2,1E1,3E0,3.5E1,2E0,1.4E1,1.76E2,8E0,2E0],"tree_param":{"num_deleted":"0","num_feature":"100","num_nodes":"13","size_leaf_vector":"1"}},{"base_weights":[3.4690541E-3,-9.688446E-3,3.878923E-1,-8.871373E-2,3.193971E-2,1.3012908E-1,1.9186701E-1,-1.3332735E-2,-7.064576E-2,-4.0187776E-2,9.556006E-3,1.3648451E-3,4.5502145E-2],"categories":[],"categories_nodes":[],"categories_segments":[],"categories_sizes":[],"default_left":[0,0,0,0,0,0,0,0,0,0,0,0,0],"id":7,"left_children":[1,3,5,7,9,-1,11,-1,-1,-1,-1,-1,-1],"loss_changes":[1.2227479E0,7.726179E-1,2.872126E-1,4.4889063E-1,5.77687E-1,0E0,3.8021073E-2,0E0,0E0,0E0,0E0,0E0,0E0],"parents":[2147483647,0,0,1,1,2,2,3,3,4,4,6,6],"right_children":[2,4,6,8,10,-1,12,-1,-1,-1,-1,-1,-1],"split_conditions":[1.5487436E0,-4.1466865E-1,-1.864986E-1,6.1930496E-1,-1.2600166E0,1.3012908E-1,6.154656E-1,-1.3332735E-2,-7.064576E-2,-4.0187776E-2,9.556006E-3,1.3648451E-3,4.5502145E-2],