{"learner":{"attributes":{"scikit_learn":"{\"_estimator_type\": \"regressor\"}"},"feature_names":[],"feature_types":[],"gradient_booster":{"model":{"gbtree_model_param":{"num_parallel_tree":"1","num_trees":"10"},"iteration_indptr":[0,1,2,3,4,5,6,7,8,9,10],"tree_info":[0,0,0,0,0,0,0,0,0,0],"trees":[{"base_weights":[5.6293277E-9,1.5033709E-1,-2.1297753E0,4.3370786E-1,-5.4710114E-1,-2.5786517E-2,-2.4525844E-1,8.85195E-2,2.5350813E-2,-8.195608E-2,1.0882022E-1],"categories":[],"categories_nodes":[],"categories_segments":[],"categories_sizes":[],"default_left":[0,0,0,0,0,0,0,0,0,0,0],"id":0,"left_children":[1,3,5,7,9,-1,-1,-1,-1,-1,-1],"loss_changes":[2.9136765E1,1.703614E1,2.9931774E0,4.738426E0,1.2030703E1,0E0,0E0,0E0,0E0,0E0,0E0],"parents":[2147483647,0,0,1,1,2,2,3,3,4,4],"right_children":[2,4,6,8,10,-1,-1,-1,-1,-1,-1],"split_conditions":[5.9488306E0,1.4496812E0,-5.563631E0,-2.4487388E0,2.0634391E0,-2.5786517E-2,-2.4525844E-1,8.85195E-2,2.5350813E-2,-8.195608E-2,1.0882022E-1],"split_indices":[4,3,0,4,6,0,0,0,0,0,0],"split_type":[0,0,0,0,0,0,0,0,0,0,0],"sum_hessian":[8.9E1,8.4E1,5E0,6E1,2.4E1,1E0,4E0,1.6E1,4.4E1,2.1E1,3E0],"tree_param":{"num_deleted":"0","num_feature":"10","num_nodes":"11","size_leaf_vector":"1"}},{"base_weights":[-1.4478767E-3,1.3695909E-1,-1.9619719E0,4.2307183E-1,-4.301232E-1,-2.449719E-2,-2.2563775E-1,6.818498E-2,6.456211E-3,-6.346124E-2,1.00658715E-1],"categories":[],"categories_nodes":[],"categories_segments":[],"categories_sizes":[],"default_left":[0,0,0,0,0,0,0,0,0,0,0],"id":1,"left_children":[1,3,5,7,9,-1,-1,-1,-1,-1,-1],"loss_changes":[2.4690224E1,1.3973179E1,2.480217E0,5.2441206E0,9.158751E0,0E0,0E0,0E0,0E0,0E0,0E0],"parents":[2147483647,0,0,1,1,2,2,3,3,4,4],"right_children":[2,4,6,8,10,-1,-1,-1,-1,-1,-1],"split_conditions":[5.9488306E0,9.568927E-1,-5.563631E0,-4.2817682E-1,2.0634391E0,-2.449719E-2,-2.2563775E-1,6.818498E-2,6.456211E-3,-6.346124E-2,1.00658715E-1],"split_indices":[4,3,0,4,6,0,0,0,0,0,0],"split_type":[0,0,0,0,0,0,0,0,0,0,0],"sum_hessian":[8.9E1,8.4E1,5E0,5.6E1,2.8E1,1E0,4E0,3.2E1,2.4E1,2.5E1,3E0],"tree_param":{"num_deleted":"0","num_feature":"10","num_nodes":"11","size_leaf_vector":"1"}},{"base_weights":[-2.8397064E-3,1.2457894E-1,-1.8074639E0,3.5805592E-1,-4.5008802E-1,-2.3272332E-2,-2.0758675E-1,7.5319625E-2,2.0082388E-2,-7.193457E-2,7.708119E-2],"categories":[],"categories_nodes":[],"categories_segments":[],"categories_sizes":[],"default_left":[0,0,0,0,0,0,0,0,0,0,0],"id":2,"left_children":[1,3,5,7,9,-1,-1,-1,-1,-1,-1],"loss_changes":[2.092002E1,1.1565734E1,2.0528927E0,3.6385908E0,8.772898E0,0E0,0E0,0E0,0E0,0E0,0E0],"parents":[2147483647,0,0,1,1,2,2,3,3,4,4],"right_children":[2,4,6,8,10,-1,-1,-1,-1,-1,-1],"split_conditions":[5.9488306E0,1.4496812E0,-5.563631E0,-2.4487388E0,1.6805853E0,-2.3272332E-2,-2.0758675E-1,7.5319625E-2,2.0082388E-2,-7.193457E-2,7.708119E-2],"split_indices":[4,3,0,4,6,0,0,0,0,0,0],"split_type":[0,0,0,0,0,0,0,0,0,0,0],"sum_hessian":[8.9E1,8.4E1,5E0,6E1,2.4E1,1E0,4E0,1.6E1,4.4E1,2E1,4E0],"tree_param":{"num_deleted":"0","num_feature":"10","num_nodes":"11","size_leaf_vector":"1"}},{"base_weights":[-4.0036435E-3,1.1330395E-1,-1.6651939E0,3.4877703E-1,-3.5342947E-1,-2.2108715E-2,-1.909798E-1,-1.7937176E-2,4.7897287E-2,-5.2856088E-2,8.732822E-2],"categories":[],"categories_nodes":[],"categories_segments":[],"categories_sizes":[],"default_left":[0,0,0,0,0,0,0,0,0,0,0],"id":3,"left_children":[1,3,5,7,9,-1,-1,-1,-1,-1,-1],"loss_changes":[1.7726995E1,9.465036E0,1.6971741E0,4.0053916E0,6.69182E0,0E0,0E0,0E0,0E0,0E0,0E0],"parents":[2147483647,0,0,1,1,2,2,3,3,4,4],"right_children":[2,4,6,8,10,-1,-1,-1,-1,-1,-1],"split_conditions":[5.9488306E0,9.568927E-1,-5.563631E0,-1.9036198E0,2.0634391E0,-2.2108715E-2,-1.909798E-1,-1.7937176E-2,4.7897287E-2,-5.2856088E-2,8.732822E-2],"split_indices":[4,3,0,8,6,0,0,0,0,0,0],"split_type":[0,0,0,0,0,0,0,0,0,0,0],"sum_hessian":[8.9E1,8.4E1,5E0,5.6E1,2.8E1,1E0,4E0,1.1E1,4.5E1,2.5E1,3E0],"tree_param":{"num_deleted":"0","num_feature":"10","num_nodes":"11","size_leaf_vector":"1"}},{"base_weights":[-5.255014E-3,1.02731586E-1,-1.5341893E0,2.9518074E-1,-3.7095362E-1,-2.100328E-2,-1.7570142E-1,-5.268147E-3,4.4202264E-2,-6.004975E-2,6.673212E-2],"categories":[],"categories_nodes":[],"categories_segments":[],"categories_sizes":[],"default_left":[0,0,0,0,0,0,0,0,0,0,0],"id":4,"left_children":[1,3,5,7,9,-1,-1,-1,-1,-1,-1],"loss_changes":[1.5017008E1,7.858125E0,1.4012985E0,3.1392126E0,6.358965E0,0E0,0E0,0E0,0E0,0E0,0E0],"parents":[2147483647,0,0,1,1,2,2,3,3,4,4],"right_children":[2,4,6,8,10,-1,-1,-1,-1,-1,-1],"split_conditions":[5.9488306E0,1.4496812E0,-5.563631E0,-9.922119E-1,1.6805853E0,-2.100328E-2,-1.7570142E-1,-5.268147E-3,4.4202264E-2,-6.004975E-2,6.673212E-2],"split_indices":[4,3,0,5,6,0,0,0,0,0,0],"split_type":[0,0,0,0,0,0,0,0,0,0,0],"sum_hessian":[8.9E1,8.4E1,5E0,6E1,2.4E1,1E0,4E0,1.8E1,4.2E1,2E1,4E0],"tree_param":{"num_deleted":"0","num_feature":"10","num_nodes":"11","size_leaf_vector":"1"}},{"base_weights":[-6.408272E-3,9.2995085E-2,-1.4135545E0,-4.8054594E-1,2.3295455E-1,-1.9953115E-2,-1.616453E-1,-6.7240663E-4,-9.009738E-2,3.793486E-2,-3.692612E-2],"categories":[],"categories_nodes":[],"categories_segments":[],"categories_sizes":[],"default_left":[0,0,0,0,0,0,0,0,0,0,0],"id":5,"left_children":[1,3,5,7,9,-1,-1,-1,-1,-1,-1],"loss_changes":[1.272021E1,6.9351068E0,1.1554079E0,3.3804762E0,6.223174E0,0E0,0E0,0E0,0E0,0E0,0E0],"parents":[2147483647,0,0,1,1,2,2,3,3,4,4],"right_children":[2,4,6,8,10,-1,-1,-1,-1,-1,-1],"split_conditions":[5.9488306E0,-1.7438014E0,-5.563631E0,3.93456E-1,4.7825117E0,-1.9953115E-2,-1.616453E-1,-6.7240663E-4,-9.009738E-2,3.793486E-2,-3.692612E-2],"split_indices":[4,5,0,3,1,0,0,0,0,0,0],"split_type":[0,0,0,0,0,0,0,0,0,0,0],"sum_hessian":[8.9E1,8.4E1,5E0,1.6E1,6.8E1,1E0,4E0,8E0,8E0,5.5E1,1.3E1],"tree_param":{"num_deleted":"0","num_feature":"10","num_nodes":"11","size_leaf_vector":"1"}},{"base_weights":[-8.782535E-3,8.263958E-2,-1.3024654E0,1.3922967E-1,-1.098117E-1,-1.895546E-2,-1.4871368E-1,-3.456509E-2,2.6201362E-2],"categories":[],"categories_nodes":[],"categories_segments":[],"categories_sizes":[],"default_left":[0,0,0,0,0,0,0,0,0],"id":6,"left_children":[1,3,5,7,-1,-1,-1,-1,-1],"loss_changes":[1.0752046E1,5.8325152E0,9.512434E-1,4.9724803E0,0E0,0E0,0E0,0E0,0E0],"parents":[2147483647,0,0,1,1,2,2,3,3],"right_children":[2,4,6,8,-1,-1,-1,-1,-1],"split_conditions":[5.9488306E0,1.0821044E1,-5.563631E0,-1.5310448E0,-1.098117E-1,-1.895546E-2,-1.4871368E-1,-3.456509E-2,2.6201362E-2],"split_indices":[4,3,0,5,0,0,0,0,0],"split_type":[0,0,0,0,0,0,0,0,0],"sum_hessian":[8.9E1,8.4E1,5E0,8.1E1,3E0,1E0,4E0,1.6E1,6.5E1],"tree_param":{"num_deleted":"0","num_feature":"10","num_nodes":"9","size_leaf_vector":"1"}},{"base_weights":[-1.1080339E-2,7.298532E-2,-1.2001637E0,2.4826156E-1,-2.7403986E-1,-1.8007686E-2,-1.3681658E-1,4.5646008E-2,-3.6490958E-3,-4.220959E-2,7.568345E-2],"categories":[],"categories_nodes":[],"categories_segments":[],"categories_sizes":[],"default_left":[0,0,0,0,0,0,0,0,0,0,0],"id":7,"left_children":[1,3,5,7,9,-1,-1,-1,-1,-1,-1],"loss_changes":[9.084091E0,5.238181E0,7.818861E-1,3.3959045E0,4.7456455E0,0E0,0E0,0E0,0E0,0E0,0E0],"parents":[2147483647,0,0,1,1,2,2,3,3,4,4],"right_children":[2,4,6,8,10,-1,-1,-1,-1,-1,-1],"split_conditions":[5.9488306E0,9.568927E-1,-5.563631E0,-4.2817682E-1,2.0634391E0,-1.8007686E-2,-1.3681658E-1,4.5646008E-2,-3.6490958E-3,-4.220959E-2,7.568345E-2],"split_indices":[4,3,0,4,6,0,0,0,0,0,0],"split_type":[0,0,0,0,0,0,0,0,0,0,0],"sum_hessian":[8.9E1,8.4E1,5E0,5.6E1,2.8E1,1E0,4E0,3.2E1,2.4E1,2.5E1,3E0],"tree_param":{"num_deleted":"0","num_feature":"10","num_nodes":"11","size_leaf_vector":"1"}},{"base_weights":[-1.0854005E-2,6.657468E-2,-1.1059514E0,1.1701527E-1,-9.841011E-2,-1.7107302E-2,-1.2587124E-1,-3.094408E-2,2.2508705E-2],"categories":[],"categories_nodes":[],"categories_segments":[],"categories_sizes":[],"default_left":[0,0,0,0,0,0,0,0,0],"id":8,"left_children":[1,3,5,7,-1,-1,-1,-1,-1],