{"learner":{"attributes":{"scikit_learn":"{\"_estimator_type\": \"regressor\"}"},"feature_names":[],"feature_types":[],"gradient_booster":{"model":{"gbtree_model_param":{"num_parallel_tree":"1","num_trees":"2"},"iteration_indptr":[0,1,2],"tree_info":[0,0],"trees":[{"base_weights":[5.6293277E-9,1.4259212E-1,-2.4525843E0,4.3370786E-1,-5.4589456E-1,-3.152308E-2,6.1417264E-1,-8.0635077E-1,1.0882022E0,-6.4205456E-1,3.272472E-1,7.267889E-1,-8.49117E-2,-2.841573E-1,-1.1217496E0,-1.1797741E-2,-1.1117978E0,-4.5786518E-1,4.4024518E-1,8.5897064E-1,1.2373598E-1,-2.1179774E-1,6.320226E-2,-6.4644194E-1,2.0741573E-1,-1.2688458E0,-4.3679774E-1,-2.1048689E-1,2.9213485E-1,-1.4382023E-1,5.860175E-1,-1.07865155E-1,8.94794E-1,-9.258425E-2,3.6320227E-1,-5.7865158E-2,-2.438202E-1,1.4213485E-1,-1.0486881E-2,-7.715354E-2,-9.1179776E-1,-2.5786516E-1,3.8820225E-1,-3.0786517E-1,9.213483E-2,9.213483E-2,6.36236E-1,9.296397E-1,-5.7865158E-2,-1.7715354E-1,2.284646E-2,9.213483E-2,4.2284647E-1,-7.865161E-3,-1.07865155E-1],"categories":[],"categories_nodes":[],"categories_segments":[],"categories_sizes":[],"default_left":[0,0,0,0,0,0,0,0,0,0,0,0,0,0,0,0,0,0,0,0,0,0,0,0,0,0,0,0,0,0,0,0,0,0,0,0,0,0,0,0,0,0,0,0,0,0,0,0,0,0,0,0,0,0,0],"id":0,"left_children":[1,3,-1,5,7,9,11,13,-1,15,17,19,21,23,25,27,-1,-1,29,31,33,35,37,39,41,-1,-1,-1,-1,43,45,-1,47,49,51,-1,-1,-1,-1,53,-1,-1,-1,-1,-1,-1,-1,-1,-1,-1,-1,-1,-1,-1,-1],"loss_changes":[3.1824444E1,1.747368E1,0E0,5.140785E0,1.194335E1,4.1528406E0,3.5257568E0,3.4693289E0,0E0,2.0592954E0,1.2661661E0,2.9227924E0,1.4494124E-1,1.9149758E0,8.5632324E-1,3.03043E-1,0E0,0E0,1.0208275E0,1.1702118E0,4.4803804E-1,5.608514E-3,2.4756448E-2,8.360357E-1,5.206864E-1,0E0,0E0,0E0,0E0,1.4448681E-1,1.645987E-1,0E0,1.049675E0,5.2856795E-2,2.5711477E-2,0E0,0E0,0E0,0E0,5.5354964E-3,0E0,0E0,0E0,0E0,0E0,0E0,0E0,0E0,0E0,0E0,0E0,0E0,0E0,0E0,0E0],"parents":[2147483647,0,0,1,1,3,3,4,4,5,5,6,6,7,7,9,9,10,10,11,11,12,12,13,13,14,14,15,15,18,18,19,19,20,20,21,21,22,22,23,23,24,24,29,29,30,30,32,32,33,33,34,34,39,39],"right_children":[2,4,-1,6,8,10,12,14,-1,16,18,20,22,24,26,28,-1,-1,30,32,34,36,38,40,42,-1,-1,-1,-1,44,46,-1,48,50,52,-1,-1,-1,-1,54,-1,-1,-1,-1,-1,-1,-1,-1,-1,-1,-1,-1,-1,-1,-1],"split_conditions":[5.965051E0,1.3443931E0,-2.4525843E0,-1.0445772E0,4.2032804E0,1.6810676E-2,5.008726E0,-1.92845E0,1.0882022E0,-1.7289671E0,-7.294554E0,1.0790708E0,5.58433E0,9.87345E-1,-4.5300853E-1,-5.8193564E0,-1.1117978E0,-4.5786518E-1,-1.9391791E0,-3.2485476E0,-5.2067666E0,5.0305166E0,-8.010292E0,-8.983155E-2,-7.058852E0,-1.2688458E0,-4.3679774E-1,-2.1048689E-1,2.9213485E-1,-4.6859145E0,-6.2909946E0,-1.07865155E-1,5.598821E0,-6.6674304E0,-4.9101315E0,-5.7865158E-2,-2.438202E-1,1.4213485E-1,-1.0486881E-2,-8.316363E0,-9.1179776E-1,-2.5786516E-1,3.8820225E-1,-3.0786517E-1,9.213483E-2,9.213483E-2,6.36236E-1,9.296397E-1,-5.7865158E-2,-1.7715354E-1,2.284646E-2,9.213483E-2,4.2284647E-1,-7.865161E-3,-1.07865155E-1],"split_indices":[4,3,0,5,6,9,1,2,0,7,0,8,1,5,6,0,0,0,8,8,1,1,0,8,0,0,0,0,0,0,1,0,0,0,1,0,0,0,0,0,0,0,0,0,0,0,0,0,0,0,0,0,0,0,0],"split_type":[0,0,0,0,0,0,0,0,0,0,0,0,0,0,0,0,0,0,0,0,0,0,0,0,0,0,0,0,0,0,0,0,0,0,0,0,0,0,0,0,0,0,0,0,0,0,0,0,0,0,0,0,0,0,0],"sum_hessian":[8.9E1,8.5E1,4E0,6E1,2.5E1,1.7E1,4.3E1,2.2E1,3E0,6E0,1.1E1,3.7E1,6E0,9E0,1.3E1,3E0,3E0,1E0,1E1,3E1,7E0,3E0,3E0,5E0,4E0,1E1,3E0,2E0,1E0,2E0,8E0,1E0,2.9E1,4E0,3E0,1E0,2E0,1E0,2E0,2E0,3E0,1E0,3E0,1E0,1E0,1E0,7E0,2.8E1,1E0,2E0,2E0,1E0,2E0,1E0,1E0],"tree_param":{"num_deleted":"0","num_feature":"10","num_nodes":"55","size_leaf_vector":"1"}},{"base_weights":[-4.4311594E-2,-6.9291556E-1,-1.3981393E-2,1.0491911E-2,-5.244254E-1,1.3241254E-1,-9.811513E-2,4.346469E-2,3.9490962E-1,-4.753067E-1,-3.9083518E-2,5.2655774E-1,9.8096635E-3,6.5933746E-1,-1.3857663E-3,-1.4027508E-1,-7.6357996E-1,-3.6230904E-1,4.0458538E-2,9.70556E-2,-9.683252E-2,-1.9662976E-3,7.919915E-1,-1.2893258E-1,6.273408E-2,-4.5720473E-1,-1.531122E-1,3.3874056E-1,-1.03957154E-1,2.3184451E-1,-2.0481095E-2,-2.6193818E-1,-2.799115E-2,7.428215E-2,1.40449405E-2,-2.2684991E-2,-1.8902628E-1,1.02178834E-1,5.1884556E-1,-9.557743E-3,-3.6982918E-1],"categories":[],"categories_nodes":[],"categories_segments":[],"categories_sizes":[],"default_left":[0,0,0,0,0,0,0,0,0,0,0,0,0,0,0,0,0,0,0,0,0,0,0,0,0,0,0,0,0,0,0,0,0,0,0,0,0,0,0,0,0],"id":1,"left_children":[1,-1,3,5,-1,7,9,11,13,15,17,-1,19,21,23,-1,-1,25,27,29,31,-1,-1,-1,33,-1,35,37,39,-1,-1,-1,-1,-1,-1,-1,-1,-1,-1,-1,-1],"loss_changes":[1.7608181E0,0E0,1.0923281E0,1.1252725E0,0E0,9.167774E-1,9.8340356E-1,4.9884844E-1,1.0488291E0,4.7237277E-1,1.0430593E0,0E0,2.8852105E-1,5.2790475E-1,4.8979882E-2,0E0,0E0,8.88114E-2,1.4567425E0,2.740734E-1,1.5179347E-1,0E0,0E0,0E0,1.205774E-3,0E0,1.444862E-2,4.1565013E-1,5.73723E-1,0E0,0E0,0E0,0E0,0E0,0E0,0E0,0E0,0E0,0E0,0E0,0E0],"parents":[2147483647,0,0,2,2,3,3,5,5,6,6,7,7,8,8,9,9,10,10,12,12,13,13,14,14,17,17,18,18,19,19,20,20,24,24,26,26,27,27,28,28],"right_children":[2,-1,4,6,-1,8,10,12,14,16,18,-1,20,22,24,-1,-1,26,28,30,32,-1,-1,-1,34,-1,36,38,40,-1,-1,-1,-1,-1,-1,-1,-1,-1,-1,-1,-1],"split_conditions":[-5.1371465E0,-6.9291556E-1,1.0917375E1,1.19730465E-1,-5.244254E-1,1.7571926E0,5.008339E-1,-3.8957036E0,9.355668E-1,1.4242951E0,-2.0935023E0,5.2655774E-1,1.7127155E0,-4.7894435E0,-7.058852E0,-1.4027508E-1,-7.6357996E-1,8.569662E-1,-4.043979E-2,2.0171042E-1,-1.0514593E0,-1.9662976E-3,7.919915E-1,-1.2893258E-1,3.779968E0,-4.5720473E-1,1.7583711E0,-5.034999E-1,2.9201252E0,2.3184451E-1,-2.0481095E-2,-2.6193818E-1,-2.799115E-2,7.428215E-2,1.40449405E-2,-2.2684991E-2,-1.8902628E-1,1.02178834E-1,5.1884556E-1,-9.557743E-3,-3.6982918E-1],"split_indices":[6,0,3,7,0,5,7,9,8,0,9,0,6,1,0,0,0,4,9,5,9,0,0,0,1,0,0,5,7,0,0,0,0,0,0,0,0,0,0,0,0],"split_type":[0,0,0,0,0,0,0,0,0,0,0,0,0,0,0,0,0,0,0,0,0,0,0,0,0,0,0,0,0,0,0,0,0,0,0,0,0,0,0,0,0],"sum_hessian":[8.9E1,3E0,8.6E1,8.3E1,3E0,3.9E1,4.4E1,3E1,9E0,5E0,3.9E1,1E0,2.9E1,5E0,4E0,3E0,2E0,7E0,3.2E1,1.6E1,1.3E1,1E0,4E0,1E0,3E0,4E0,3E0,1E1,2.2E1,7E0,9E0,3E0,1E1,2E0,1E0,1E0,2E0,5E0,5E0,1.7E1,5E0],"tree_param":{"num_deleted":"0","num_feature":"10","num_nodes":"41","size_leaf_vector":"1"}}]},"name":"gbtree"},"learner_model_param":{"base_score":"5.157303E-1","boost_from_average":"1","num_class":"0","num_feature":"10","num_target":"1"},"objective":{"name":"reg:squarederror","reg_loss_param":{"scale_pos_weight":"1"}}},"version":[2,0,3]}