{"learner":{"attributes":{"scikit_learn":"{\"_estimator_type\": \"regressor\"}"},"feature_names":[],"feature_types":[],"gradient_booster":{"model":{"gbtree_model_param":{"num_parallel_tree":"1","num_trees":"2"},"iteration_indptr":[0,1,2],"tree_info":[0,0],"trees":[{"base_weights":[5.6293277E-9,1.982163E-1,-1.441573E0,4.590879E-1,-2.5187266E-1,-2.4125843E-1,-5.4205453E-1,7.396158E-1,2.3113973E-2,-5.035869E-1,1.1074157E-1,-1.1438202E-1,-7.258426E-2,8.848747E-1,-1.3108596E-2,3.958427E-1,-2.8941947E-1,-1.2631087E-1,-2.626003E-1,1.5617979E-1,-2.7715355E-2,7.284319E-1,1.5632021E-1,8.951313E-3,-8.679774E-2,7.7022475E-1,-1.3258426E-1,2.6320225E-1,-5.028714E-1,-7.6953804E-1,1.0855662E-1,2.4213484E-2,-7.8651606E-4,1.6741574E-1,8.3772916E-1,-1.1048688E-2,-7.8651606E-4,-7.8651606E-4,9.274157E-2,9.213484E-3,-2.1179774E-1,-7.8651606E-4,3.5617977E-2,2.9213486E-2,-6.38764E-1,-9.1376406E-1,1.9213483E-2,4.4157305E-1,-5.1258427E-1,3.895131E-1,-1.1048688E-2,8.573658E-2,2.4213484E-2,-5.786516E-3,-2.4382023E-2,-1.4382021E-1,-7.797753E-2,-7.715354E-2,-1.1797752E-1,5.4873597E-2,-2.0786516E-2,-2.1179775E-2,-8.578652E-2,9.213484E-3,4.9213484E-2,-7.8651606E-4,-2.0786516E-2,1.4213485E-2,-2.5786517E-2],"categories":[],"categories_nodes":[],"categories_segments":[],"categories_sizes":[],"default_left":[0,0,0,0,0,0,0,0,0,0,0,0,0,0,0,0,0,0,0,0,0,0,0,0,0,0,0,0,0,0,0,0,0,0,0,0,0,0,0,0,0,0,0,0,0,0,0,0,0,0,0,0,0,0,0,0,0,0,0,0,0,0,0,0,0,0,0,0,0],"id":0,"left_children":[1,3,5,7,9,-1,11,13,15,17,-1,-1,19,21,23,25,27,-1,29,31,-1,33,-1,-1,35,37,39,41,43,45,47,-1,-1,49,51,-1,-1,-1,-1,-1,53,-1,-1,-1,55,57,-1,59,61,63,-1,-1,-1,-1,-1,65,-1,67,-1,-1,-1,-1,-1,-1,-1,-1,-1,-1,-1],"loss_changes":[2.6002636E1,9.508867E0,8.300116E0,6.2203503E0,1.0822246E1,0E0,1.8945546E0,3.4011364E0,2.5608587E0,4.427205E0,0E0,0E0,2.7727628E-1,1.6204205E0,5.3142175E-2,2.0804553E0,1.547855E0,0E0,4.0347614E0,4.420591E-2,0E0,1.2700548E0,0E0,0E0,6.6103805E-3,7.4114656E-1,1.08517855E-1,1.0361412E-1,1.1589248E0,1.4238496E0,2.915395E0,0E0,0E0,3.5164332E-1,1.4616966E-2,0E0,0E0,0E0,0E0,0E0,5.608514E-3,0E0,0E0,0E0,4.461937E-1,1.6893582E0,0E0,7.404243E-1,3.3758533E-1,4.6209604E-2,0E0,0E0,0E0,0E0,0E0,2.4486814E-2,0E0,1.555355E-1,0E0,0E0,0E0,0E0,0E0,0E0,0E0,0E0,0E0,0E0,0E0],"parents":[2147483647,0,0,1,1,2,2,3,3,4,4,6,6,7,7,8,8,9,9,12,12,13,13,14,14,15,15,16,16,18,18,19,19,21,21,24,24,25,25,26,26,27,27,28,28,29,29,30,30,33,33,34,34,40,40,44,44,45,45,47,47,48,48,49,49,55,55,57,57],"right_children":[2,4,6,8,10,-1,12,14,16,18,-1,-1,20,22,24,26,28,-1,30,32,-1,34,-1,-1,36,38,40,42,44,46,48,-1,-1,50,52,-1,-1,-1,-1,-1,54,-1,-1,-1,56,58,-1,60,62,64,-1,-1,-1,-1,-1,66,-1,68,-1,-1,-1,-1,-1,-1,-1,-1,-1,-1,-1],"split_conditions":[4.6452756E0,7.1477413E-1,-3.2727096E0,-7.020299E-1,1.8874668E0,-2.4125843E-1,-4.9117804E0,9.084695E-1,-5.0134687E0,-2.4436512E0,1.1074157E-1,-1.1438202E-1,-3.8258333E0,1.9395242E0,-2.0654154E0,1.6672238E0,-3.066745E0,-1.2631087E-1,-1.5962671E0,-7.76982E0,-2.7715355E-2,-2.078086E0,1.5632021E-1,8.951313E-3,5.142594E0,-1.029788E0,7.897308E-1,-5.3389997E0,-2.8114715E0,-7.918392E-1,3.6623747E0,2.4213484E-2,-7.8651606E-4,-3.4005525E0,5.285233E0,-1.1048688E-2,-7.8651606E-4,-7.8651606E-4,9.274157E-2,9.213484E-3,-6.71316E0,-7.8651606E-4,3.5617977E-2,2.9213486E-2,-3.4726386E0,-6.499192E0,1.9213483E-2,2.908081E0,1.8797289E0,-6.213649E0,-1.1048688E-2,8.573658E-2,2.4213484E-2,-5.786516E-3,-2.4382023E-2,-6.9042025E0,-7.797753E-2,-3.8786643E0,-1.1797752E-1,5.4873597E-2,-2.0786516E-2,-2.1179775E-2,-8.578652E-2,9.213484E-3,4.9213484E-2,-7.8651606E-4,-2.0786516E-2,1.4213485E-2,-2.5786517E-2],"split_indices":[4,3,6,4,6,0,7,8,1,5,0,0,7,5,4,6,3,0,9,0,0,8,0,0,1,9,4,0,5,6,9,0,0,4,2,0,0,0,0,0,0,0,0,0,0,2,0,3,0,0,0,0,0,0,0,0,0,0,0,0,0,0,0,0,0,0,0,0,0],"split_type":[0,0,0,0,0,0,0,0,0,0,0,0,0,0,0,0,0,0,0,0,0,0,0,0,0,0,0,0,0,0,0,0,0,0,0,0,0,0,0,0,0,0,0,0,0,0,0,0,0,0,0,0,0,0,0,0,0,0,0,0,0,0,0,0,0,0,0,0,0],"sum_hessian":[8.9E1,7.9E1,1E1,5E1,2.9E1,4E0,6E0,3E1,2E1,2.5E1,4E0,2E0,4E0,2.5E1,5E0,9E0,1.1E1,5E0,2E1,2E0,2E0,2.2E1,3E0,2E0,3E0,5E0,4E0,3E0,8E0,8E0,1.2E1,1E0,1E0,4E0,1.8E1,2E0,1E0,1E0,4E0,1E0,3E0,1E0,2E0,1E0,7E0,7E0,1E0,8E0,4E0,2E0,2E0,1.7E1,1E0,1E0,2E0,2E0,5E0,2E0,5E0,7E0,1E0,3E0,1E0,1E0,1E0,1E0,1E0,1E0,1E0],"tree_param":{"num_deleted":"0","num_feature":"10","num_nodes":"69","size_leaf_vector":"1"}},{"base_weights":[-2.3605935E-3,-2.3058538E-1,1.0357428E-1,-6.171795E-1,2.8743133E-1,-9.812366E-1,9.5086746E-2,4.4749084E-1,-3.8477024E-1,-1.2157018E0,1.2739326E-1,-7.947098E-2,3.7583777E-1,8.231542E-1,-3.2075286E-2,-6.824365E-1,1.2585755E-1,-1.296556E0,-2.4400748E-2,3.3676405E-2,-1.4567414E-2,5.0860833E-2,-1.4400748E-2,6.7084134E-1,1.5114753E-1,-4.204124E-1,2.3691118E-1,-9.534925E-1,-1.05243444E-1,2.6648412E-2,-1.1076756E-2,-1.468833E0,-4.6239074E-2,1.832137E-1,7.6888156E-1,-1.5028614E-1,-8.555618E-1,-2.0196427E-1,5.204329E-1,-1.0462023E-1,-2.449719E-2,8.752808E-3,-1.9867664E-2,3.76592E-3,-3.987514E-2,-3.947097E-2,-1.5820687E-1,3.5216135E-1,-1.0312109E-2,1.10710934E-1,6.1342335E-1,-2.6945693E-2,1.3815077E-1,-1.0092322E-1,-1.9727528E-2,-6.46367E-2,1.0507022E-1,3.0941032E-2,7.25795E-1,-7.471889E-4,-5.234082E-3,8.752808E-3,4.1119646E-2,8.765918E-3,6.3919425E-1,-7.471889E-4,2.1469805E-2,-1.8423219E-1,3.593492E-2,-4.1629184E-2,1.2432585E-2,-7.471889E-4,8.492514E-2,6.563278E-2,1.8252809E-2,-2.688764E-2,-7.471889E-4,-5.497189E-3,-7.471889E-4],"categories":[],"categories_nodes":[],"categories_segments":[],"categories_sizes":[],"default_left":[0,0,0,0,0,0,0,0,0,0,0,0,0,0,0,0,0,0,0,0,0,0,0,0,0,0,0,0,0,0,0,0,0,0,0,0,0,0,0,0,0,0,0,0,0,0,0,0,0,0,0,0,0,0,0,0,0,0,0,0,0,0,0,0,0,0,0,0,0,0,0,0,0,0,0,0,0,0,0],"id":1,"left_children":[1,-1,3,5,7,9,11,13,15,17,19,-1,21,23,25,27,29,31,-1,-1,-1,-1,-1,33,-1,35,37,39,41,-1,43,45,-1,47,49,51,53,55,57,-1,-1,-1,-1,-1,59,-1,-1,61,-1,-1,63,-1,65,-1,-1,-1,67,69,71,-1,-1,-1,-1,-1,73,-1,-1,75,-1,77,-1,-1,-1,-1,-1,-1,-1,-1,-1],"loss_changes":[2.2200653E1,0E0,1.1706261E1,4.7608023E0,7.703638E0,3.2740946E0,2.0473611E0,1.0295261E1,2.2138436E0,4.69285E-1,2.2057483E-1,0E0,4.8736423E-1,2.3409233E0,2.8154933E0,1.3077159E0,1.18491374E-1,6.141939E-1,0E0,0E0,0E0,0E0,0E0,1.1977301E0,0E0,1.164419E0,2.0960004E0,1.3783026E-1,8.943483E-2,0E0,7.1157324E-3,2.2694492E-1,0E0,3.2656884E-1,5.302191E-1,3.1221166E-1,2.0553994E-1,1.0230427E0,9.827738E-1,0E0,0E0,0E0,0E0,0E0,8.20701E-4,0E0,0E0,2.6499331E-2,0E0,0E0,1.878581E-1,0E0,3.504526E-2,0E0,0E0,0E0,4.3402135E-1,3.2283407E-2,6.400311E-1,0E0,0E0,0E0,0E0,0E0,1.3216019E-2,0E0,0E0,4.287619E-2,0E0,9.5650787E-4,0E0,0E0,0E0,0E0,0E0,0E0,0E0,0E0,0E0],"parents":[2147483647,0,0,2,2,3,3,4,4,5,5,6,6,7,7,8,8,9,9,10,10,12,12,13,13,14,14,15,15,16,16,17,17,23,23,25,25,26,26,27,27,28,28,30,30,31,31,33,33,34,34,35,35,36,36,37,37,38,38,44,44,47,47,50,50,52,52,56,56,57,57,58,58,64,64,67,67,69,69],"right_children":[2,-1,4,6,8,10,12,14,16,18,20,-1,22,24,26,28,30,32,-1,-1,-1,-1,-1,34,-1,36,38,40,42,-1,44,46,-1,48,50,52,54,56,58,-1,-1,-1,-1,-1,60,-1,-1,62,-1,-1,64,-1,66,-1,-1,-1,68,70,72,-1,-1,-1,-1,-1,74,-1,-1,76,-1,78,-1,-1,-1,-1,-1,-1,-1,-1,-1],