{"learner":{"attributes":{"scikit_learn":"{\"_estimator_type\": \"regressor\"}"},"feature_names":[],"feature_types":[],"gradient_booster":{"model":{"gbtree_model_param":{"num_parallel_tree":"1","num_trees":"2"},"iteration_indptr":[0,1,2],"tree_info":[0,0],"trees":[{"base_weights":[5.6293277E-9,2.3448224E-1,-1.0206873E0,5.067832E-1,-4.7688603E-1,4.382022E-1,-1.3646067E0,-1.3248213E-1,6.5508175E-1,-7.9818976E-1,2.1764044E-1,1.3790262E-1,-3.1573035E-2,-1.8250936E0,-4.4644195E-1,2.2842696E-1,-3.7415728E-1,7.1148264E-1,-8.679774E-2,-3.961185E-1,-1.2512641E0,-1.7451686E-1,-4.8251686E-1,-2.3157303E-1,-7.258426E-2,1.1320226E-1,-5.9919745E-1,-1.1797734E-2,7.6889414E-1,-2.2097375E-2,-1.5730321E-3,8.456929E-2,-6.2509364E-1,2.842697E-2,-1.470626E0,-5.543071E-2,1.5617979E-1,3.1235958E-2,-1.5730321E-3,-1.1573032E-2,-1.3595507E-1,8.426971E-3,-4.3820214E-2,8.2471913E-1,8.820225E-2,-7.420546E-1,-2.8764043E-2,-8.157303E-2,-3.1595507E-1,-1.5730321E-3,4.8426967E-2,-1.5730321E-3,-1.1573032E-2,1.7391896E-1,1.1235959E-2,-2.1573031E-2,3.790262E-2,-6.2097378E-2,-1.7051686E-1],"categories":[],"categories_nodes":[],"categories_segments":[],"categories_sizes":[],"default_left":[0,0,0,0,0,0,0,0,0,0,0,0,0,0,0,0,0,0,0,0,0,0,0,0,0,0,0,0,0,0,0,0,0,0,0,0,0,0,0,0,0,0,0,0,0,0,0,0,0,0,0,0,0,0,0,0,0,0,0],"id":0,"left_children":[1,3,5,7,9,11,13,15,17,19,-1,-1,-1,21,23,-1,25,27,29,31,33,-1,-1,-1,35,37,39,41,43,-1,-1,-1,45,-1,47,-1,49,-1,-1,-1,-1,-1,51,53,55,57,-1,-1,-1,-1,-1,-1,-1,-1,-1,-1,-1,-1,-1],"loss_changes":[2.177931E1,1.4575941E1,9.127562E0,5.2061005E0,1.1428834E1,7.080429E-1,5.1044407E0,3.815814E0,1.902832E0,2.7833776E0,0E0,0E0,0E0,2.9311256E0,1.5117835E0,0E0,1.1645852E0,1.7115822E0,6.6103805E-3,2.3270674E0,2.6542969E0,0E0,0E0,0E0,2.7727628E-1,2.2041094E-2,2.6600027E-1,8.7545775E-3,1.3712425E0,0E0,0E0,0E0,3.9988923E-1,0E0,1.6766262E-1,0E0,4.420591E-2,0E0,0E0,0E0,0E0,0E0,1.0598414E-3,1.1582527E0,9.9896885E-2,6.919098E-2,0E0,0E0,0E0,0E0,0E0,0E0,0E0,0E0,0E0,0E0,0E0,0E0,0E0],"parents":[2147483647,0,0,1,1,2,2,3,3,4,4,5,5,6,6,7,7,8,8,9,9,13,13,14,14,16,16,17,17,18,18,19,19,20,20,24,24,25,25,26,26,27,27,28,28,32,32,34,34,36,36,42,42,43,43,44,44,45,45],"right_children":[2,4,6,8,10,12,14,16,18,20,-1,-1,-1,22,24,-1,26,28,30,32,34,-1,-1,-1,36,38,40,42,44,-1,-1,-1,46,-1,48,-1,50,-1,-1,-1,-1,-1,52,54,56,58,-1,-1,-1,-1,-1,-1,-1,-1,-1,-1,-1,-1,-1],"split_conditions":[2.6059597E0,1.377483E0,-4.3548636E0,-4.903859E0,1.9825518E0,-2.3547342E0,-2.3861556E0,-3.6735966E0,1.9432133E0,2.2506933E0,2.1764044E-1,1.3790262E-1,-3.1573035E-2,4.677432E0,-6.1637344E0,2.2842696E-1,-2.3458025E0,-5.8733478E0,7.952908E0,1.8634869E0,-7.4354606E0,-1.7451686E-1,-4.8251686E-1,-2.3157303E-1,-3.8113585E0,-5.526901E0,-7.4516616E0,2.775832E0,2.546621E0,-2.2097375E-2,-1.5730321E-3,8.456929E-2,-1.3411962E0,2.842697E-2,-3.4508705E0,-5.543071E-2,-7.348496E0,3.1235958E-2,-1.5730321E-3,-1.1573032E-2,-1.3595507E-1,8.426971E-3,3.8476436E0,2.186278E0,-1.7768939E0,-1.984949E-1,-2.8764043E-2,-8.157303E-2,-3.1595507E-1,-1.5730321E-3,4.8426967E-2,-1.5730321E-3,-1.1573032E-2,1.7391896E-1,1.1235959E-2,-2.1573031E-2,3.790262E-2,-6.2097378E-2,-1.7051686E-1],"split_indices":[4,3,3,0,6,1,6,4,6,0,0,0,0,4,1,0,3,1,0,3,1,0,0,0,1,0,0,0,8,0,0,0,0,0,4,0,0,0,0,0,0,0,0,5,6,7,0,0,0,0,0,0,0,0,0,0,0,0,0],"split_type":[0,0,0,0,0,0,0,0,0,0,0,0,0,0,0,0,0,0,0,0,0,0,0,0,0,0,0,0,0,0,0,0,0,0,0,0,0,0,0,0,0,0,0,0,0,0,0,0,0,0,0,0,0,0,0,0,0,0,0],"sum_hessian":[8.9E1,7.3E1,1.6E1,5.3E1,2E1,3E0,1.3E1,1E1,4.3E1,1.7E1,3E0,2E0,1E0,8E0,5E0,1E0,9E0,4E1,3E0,1E1,7E0,4E0,4E0,1E0,4E0,3E0,6E0,3E0,3.7E1,2E0,1E0,2E0,8E0,1E0,6E0,2E0,2E0,2E0,1E0,1E0,5E0,1E0,2E0,3.4E1,3E0,6E0,2E0,1E0,5E0,1E0,1E0,1E0,1E0,3.2E1,2E0,1E0,2E0,2E0,4E0],"tree_param":{"num_deleted":"0","num_feature":"10","num_nodes":"59","size_leaf_vector":"1"}},{"base_weights":[-9.282946E-3,1.8698293E-1,-8.6307067E-1,4.1067946E-1,-3.9714068E-1,3.7714422E-1,-1.15577E0,7.587366E-1,2.1557486E-1,-6.688801E-1,9.2497194E-1,1.1951561E-1,-2.8415728E-2,-1.5330787E0,-3.971785E-1,2.594758E-1,5.286068E-1,-3.3410734E-1,3.8455933E-1,-3.3296832E-1,-1.0471488E0,2.0888391E-1,5.6662917E-2,-1.4659415E-1,-4.0531418E-1,-2.0841573E-1,-5.9782766E-2,6.017622E-1,3.5397798E-2,9.797755E-2,-5.664794E-1,5.498427E-1,-9.7379535E-2,7.329338E-2,-5.291169E-1,2.5584275E-2,-1.2332904E0,-4.803995E-2,1.405618E-1,3.515434E-1,7.660149E-1,-1.041573E-2,2.103507E-2,2.7071167E-2,-1.4157295E-3,-5.6966286E-2,-1.5063672E-1,6.417475E-1,-1.1891201E-3,-2.726387E-2,-2.4359882E-2,-6.2687427E-1,-2.4928836E-2,-7.3415734E-2,-2.6329586E-1,-1.4157295E-3,4.358427E-2,1.46367075E-2,7.714789E-2,4.1035075E-2,1.6505845E-1,-1.4157295E-3,1.3606602E-1,2.814732E-2,-4.269663E-2,-9.363294E-3,-2.5377274E-4,-5.3817727E-2,-1.4323416E-1],"categories":[],"categories_nodes":[],"categories_segments":[],"categories_sizes":[],"default_left":[0,0,0,0,0,0,0,0,0,0,0,0,0,0,0,0,0,0,0,0,0,0,0,0,0,0,0,0,0,0,0,0,0,0,0,0,0,0,0,0,0,0,0,0,0,0,0,0,0,0,0,0,0,0,0,0,0,0,0,0,0,0,0,0,0,0,0,0,0],"id":1,"left_children":[1,3,5,7,9,11,13,15,17,19,21,-1,-1,23,25,-1,27,29,31,33,35,-1,-1,-1,-1,-1,37,39,41,43,45,47,49,-1,51,-1,53,-1,55,57,59,-1,-1,-1,-1,-1,-1,61,63,-1,65,67,-1,-1,-1,-1,-1,-1,-1,-1,-1,-1,-1,-1,-1,-1,-1,-1,-1],"loss_changes":[1.5242625E1,9.832414E0,6.6070614E0,3.5034437E0,8.163368E0,5.427202E-1,3.3982182E0,1.6693926E0,3.4724436E0,1.9385014E0,1.067853E-2,0E0,0E0,2.0682049E0,1.243221E0,0E0,5.1991224E-1,9.591423E-1,2.283925E0,1.7030296E0,1.9076014E0,0E0,0E0,0E0,0E0,0E0,2.1449073E-1,2.6500082E-1,2.3789067E-2,1.6665418E-2,1.0097849E-1,1.0642548E0,1.9426249E-2,0E0,2.7772522E-1,0E0,2.1162033E-2,0E0,3.5806786E-2,3.84019E-2,6.338596E-2,0E0,0E0,0E0,0E0,0E0,0E0,4.5541716E-1,1.5056482E-1,0E0,2.014778E-3,3.0929565E-2,0E0,0E0,0E0,0E0,0E0,0E0,0E0,0E0,0E0,0E0,0E0,0E0,0E0,0E0,0E0,0E0,0E0],"parents":[2147483647,0,0,1,1,2,2,3,3,4,4,5,5,6,6,7,7,8,8,9,9,10,10,13,13,14,14,16,16,17,17,18,18,19,19,20,20,26,26,27,27,28,28,29,29,30,30,31,31,32,32,34,34,36,36,38,38,39,39,40,40,47,47,48,48,50,50,51,51],"right_children":[2,4,6,8,10,12,14,16,18,20,22,-1,-1,24,26,-1,28,30,32,34,36,-1,-1,-1,-1,-1,38,40,42,44,46,48,50,-1,52,-1,54,-1,56,58,60,-1,-1,-1,-1,-1,-1,62,64,-1,66,68,-1,-1,-1,-1,-1,-1,-1,-1,-1,-1,-1,-1,-1,-1,-1,-1,-1],"split_conditions":[2.6059597E0,1.377483E0,-4.3548636E0,-1.60382E0,1.9825518E0,-2.3547342E0,-2.3861556E0,-1.7758697E0,-4.903859E0,2.2506933E0,4.797284E0,1.1951561E-1,-2.8415728E-2,4.677432E0,-6.1637344E0,2.594758E-1,-2.332909E0,-2.3458025E0,3.9741638E0,1.8634869E0,-7.4354606E0,2.0888391E-1,5.6662917E-2,-1.4659415E-1,-4.0531418E-1,-2.0841573E-1,-3.8113585E0,-2.471825E-1,-7.4516616E0,-5.526901E0,-1.0003612E-2,1.7792825E0,1.083335E0,7.329338E-2,-1.3411962E0,2.5584275E-2,-3.4508705E0,-4.803995E-2,-7.348496E0,-1.349965E0,2.5301528E0,-1.041573E-2,2.103507E-2,2.7071167E-2,-1.4157295E-3,-5.6966286E-2,-1.5063672E-1,-5.8733478E0,2.775832E0,-2.726387E-2,-1.3282968E0,-1.984949E-1,-2.4928836E-2,-7.3415734E-2,-2.6329586E-1,-1.4157295E-3,4.358427E-2,1.46367075E-2,7.714789E-2,4.1035075E-2,1.6505845E-1,-1.4157295E-3,1.3606602E-1,2.814732E-2,-4.269663E-2,-9.363294E-3,-2.5377274E-4,-5.3817727E-2,-1.4323416E-1],"split_indices":[4,3,3,4,6,1,6,7,0,0,0,0,0,4,1,0,4,3,0,3,1,0,0,0,0,0,1,6,0,0,7,5,9,0,0,0,4,0,0,5,1,0,0,0,0,0,0,1,0,0,4,7,0,0,0,0,0,0,0,0,0,0,0,0,0,0,0,0,0],"split_type":[0,0,0,0,0,0,0,0,0,0,0,0,0,0,0,0,0,0,0,0,0,0,0,0,0,0,0,0,0,0,0,0,0,0,0,0,0,0,0,0,0,0,0,0,0,0,0,0,0,0,0,0,0,0,0,0,0,0,0,0,0,0,0,0,0,0,0,0,0],"sum_hessian":[8.9E1,7.3E1,1.6E1,5.3E1,2E1,3E0,1.3E1,1.8E1,3.5E1,1.7E1,3E0,2E0,1E0,8E0,5E0,4E0,1.4E1,8E0,2.7E1,1E1,7E0,2E0,1E0,4E0,4E0,1E0,4E0,1.2E1,2E0,3E0,5E0,2E1,7E0,2E0,8E0,1E0,6E0,2E0,2E0,6E0,6E0,1E0,1E0,2E0,1E0,3E0,2E0,1.7E1,3E0,4E0,3E0,6E0,2E0,1E0,5E0,1E0,1E0,1E0,5E0,1E0,5E0,1E0,1.6E1,2E0,1E0,1E0,2E0,2E0,4E0],"tree_param":{"num_deleted":"0","num_feature":"10","num_nodes":"69","size_leaf_vector":"1"}}]},"name":"gbtree"},"learner_model_param":{"base_score":"5.157303E-1","boost_from_average":"1","num_class":"0","num_feature":"10","num_target":"1"},"objective":{"name":"reg:squarederror",