{"learner":{"attributes":{"scikit_learn":"{\"_estimator_type\": \"regressor\"}"},"feature_names":[],"feature_types":[],"gradient_booster":{"model":{"gbtree_model_param":{"num_parallel_tree":"1","num_trees":"2"},"iteration_indptr":[0,1,2],"tree_info":[0,0],"trees":[{"base_weights":[5.6293277E-9,1.5033709E-1,-2.1297753E0,4.3370786E-1,-5.4710114E-1,-3.8679775E-2,-3.6788765E-1,8.8519496E-1,2.5350812E-1,-8.1956077E-1,1.6323034E-1,1.0958427E0,5.11236E-1,4.6353424E-1,-2.9913568E-1,-2.841573E-1,-1.1683664E0,5.8426972E-2,1.835604E-1,8.369183E-2,1.3820225E-2,5.6412244E-1,-2.1258429E-1,-5.3876406E-1,7.022473E-2,-6.4644194E-1,2.0741573E-1,-1.8466292E-1,-3.1179776E-2,-3.8679773E-1,6.887208E-1,5.8820225E-2,-4.6179777E-1,-1.2176967E-1,-2.1258426E-1,-1.1048689E-1,1.8820226E-1,-1.1797742E-3,-7.7258426E-1,-3.8679775E-2,5.823034E-2,3.426968E-3,-1.21179774E-1,-1.7696602E-3,1.1709087E-1,-8.157304E-2,-1.6179774E-2,-8.679774E-3,-3.5519663E-2,-2.3679776E-2,-1.1797742E-3,-1.1797742E-3,3.842697E-2,-1.6179774E-2,-1.3676967E-1],"categories":[],"categories_nodes":[],"categories_segments":[],"categories_sizes":[],"default_left":[0,0,0,0,0,0,0,0,0,0,0,0,0,0,0,0,0,0,0,0,0,0,0,0,0,0,0,0,0,0,0,0,0,0,0,0,0,0,0,0,0,0,0,0,0,0,0,0,0,0,0,0,0,0,0],"id":0,"left_children":[1,3,5,7,9,-1,-1,11,13,15,-1,17,19,21,23,25,27,-1,-1,-1,-1,29,31,33,35,37,39,-1,-1,41,43,-1,45,-1,47,49,51,-1,53,-1,-1,-1,-1,-1,-1,-1,-1,-1,-1,-1,-1,-1,-1,-1,-1],"loss_changes":[2.9136765E1,1.703614E1,2.9931774E0,4.738426E0,1.2030703E1,0E0,0E0,7.7891636E-1,5.3617926E0,3.7765388E0,0E0,4.266863E-1,1.0520172E-1,2.3642397E0,1.1884546E0,1.9149758E0,5.272503E-1,0E0,0E0,0E0,0E0,3.702406E0,9.3460774E-1,5.398891E-1,1.4871334E-1,4.7723293E-1,5.206864E-1,0E0,0E0,7.084081E-1,1.6827545E0,0E0,5.7462454E-2,0E0,5.029097E-3,1.3344489E-2,5.5327624E-2,0E0,3.643384E-1,0E0,0E0,0E0,0E0,0E0,0E0,0E0,0E0,0E0,0E0,0E0,0E0,0E0,0E0,0E0,0E0],"parents":[2147483647,0,0,1,1,2,2,3,3,4,4,7,7,8,8,9,9,11,11,12,12,13,13,14,14,15,15,16,16,21,21,22,22,23,23,24,24,25,25,26,26,29,29,30,30,32,32,34,34,35,35,36,36,38,38],"right_children":[2,4,6,8,10,-1,-1,12,14,16,-1,18,20,22,24,26,28,-1,-1,-1,-1,30,32,34,36,38,40,-1,-1,42,44,-1,46,-1,48,50,52,-1,54,-1,-1,-1,-1,-1,-1,-1,-1,-1,-1,-1,-1,-1,-1,-1,-1],"split_conditions":[5.9487896E0,1.4479629E0,-5.562988E0,-2.4492805E0,2.0641332E0,-3.8679775E-2,-3.6788765E-1,4.794342E-1,1.7589433E0,-2.472384E0,1.6323034E-1,-3.8768902E0,2.391942E0,2.0366158E0,3.398773E0,1.169311E0,4.0927976E-2,5.8426972E-2,1.835604E-1,8.369183E-2,1.3820225E-2,-4.8726244E0,-5.2336397E0,2.511598E0,-3.6864197E0,-7.7867875E0,-6.633645E0,-1.8466292E-1,-3.1179776E-2,-4.984703E0,-5.3836E0,5.8820225E-2,2.1338902E0,-1.2176967E-1,3.76326E0,-6.3673944E0,6.154417E0,-1.1797742E-3,-3.1532607E0,-3.8679775E-2,5.823034E-2,3.426968E-3,-1.21179774E-1,-1.7696602E-3,1.1709087E-1,-8.157304E-2,-1.6179774E-2,-8.679774E-3,-3.5519663E-2,-2.3679776E-2,-1.1797742E-3,-1.1797742E-3,3.842697E-2,-1.6179774E-2,-1.3676967E-1],"split_indices":[4,3,0,4,6,0,0,9,6,2,0,9,8,8,6,5,6,0,0,0,0,0,0,2,3,0,0,0,0,0,2,0,0,0,2,0,1,0,9,0,0,0,0,0,0,0,0,0,0,0,0,0,0,0,0],"split_type":[0,0,0,0,0,0,0,0,0,0,0,0,0,0,0,0,0,0,0,0,0,0,0,0,0,0,0,0,0,0,0,0,0,0,0,0,0,0,0,0,0,0,0,0,0,0,0,0,0,0,0,0,0,0,0],"sum_hessian":[8.9E1,8.4E1,5E0,6E1,2.4E1,1E0,4E0,1.6E1,4.4E1,2.1E1,3E0,9E0,7E0,3.2E1,1.2E1,9E0,1.2E1,2E0,7E0,6E0,1E0,2.8E1,4E0,7E0,5E0,5E0,4E0,1.1E1,1E0,3E0,2.5E1,1E0,3E0,3E0,4E0,2E0,3E0,1E0,4E0,1E0,3E0,2E0,1E0,3E0,2.2E1,2E0,1E0,1E0,3E0,1E0,1E0,1E0,2E0,1E0,3E0],"tree_param":{"num_deleted":"0","num_feature":"10","num_nodes":"55","size_leaf_vector":"1"}},{"base_weights":[-4.991157E-3,1.272849E-1,-1.8780702E0,3.7102142E-1,-4.7252357E-1,-3.577879E-2,-3.2374114E-1,7.723863E-1,2.1114977E-1,-7.125549E-1,1.4486694E-1,9.55665E-1,4.4673958E-1,3.9275062E-1,-2.660793E-1,-2.5499156E-1,-1.0097147E0,5.2584276E-2,1.594681E-1,7.757224E-2,2.3551363E-2,6.0490143E-1,9.7842865E-2,-4.7869557E-1,6.1755616E-2,-5.7516384E-1,1.8021348E-1,-1.6514556E-1,-5.0780896E-2,9.544596E-2,8.3269274E-1,9.974276E-2,-9.934701E-2,-7.204705E-1,-1.8953651E-1,-1.0220037E-1,1.692837E-1,-1.2789607E-1,-2.2326544E-1,-3.577879E-2,5.167943E-2,3.2401077E-2,6.030062E-4,1.367371E-1,-8.547049E-3,-7.202848E-2,5.4229118E-2,-1.2439608E-1,-2.954705E-2,-8.028793E-3,-3.15237E-2,-2.190379E-2,-1.0912926E-3,-1.0912926E-3,3.458427E-2,-1.0912926E-3,-4.3925565E-2],"categories":[],"categories_nodes":[],"categories_segments":[],"categories_sizes":[],"default_left":[0,0,0,0,0,0,0,0,0,0,0,0,0,0,0,0,0,0,0,0,0,0,0,0,0,0,0,0,0,0,0,0,0,0,0,0,0,0,0,0,0,0,0,0,0,0,0,0,0,0,0,0,0,0,0,0,0],"id":1,"left_children":[1,3,5,7,9,-1,-1,11,13,15,-1,17,19,21,23,25,27,-1,-1,-1,-1,29,31,33,35,37,39,-1,-1,41,43,-1,45,47,49,51,53,-1,55,-1,-1,-1,-1,-1,-1,-1,-1,-1,-1,-1,-1,-1,-1,-1,-1,-1,-1],"loss_changes":[2.2537767E1,1.2601912E1,2.24164E0,3.751089E0,9.319116E0,0E0,0E0,5.876961E-1,4.0044365E0,2.733859E0,0E0,2.7752876E-1,8.19993E-2,2.0054574E0,9.3570167E-1,1.4970584E0,4.2350864E-1,0E0,0E0,0E0,0E0,2.1254644E0,1.7434828E0,4.227358E-1,1.23080105E-1,3.9549625E-1,4.262064E-1,0E0,0E0,7.628858E-2,9.643383E-1,0E0,2.2798502E0,6.454229E-2,2.7749985E-3,1.14178695E-2,4.495419E-2,0E0,5.7976663E-2,0E0,0E0,0E0,0E0,0E0,0E0,0E0,0E0,0E0,0E0,0E0,0E0,0E0,0E0,0E0,0E0,0E0,0E0],"parents":[2147483647,0,0,1,1,2,2,3,3,4,4,7,7,8,8,9,9,11,11,12,12,13,13,14,14,15,15,16,16,21,21,22,22,23,23,24,24,25,25,26,26,29,29,30,30,32,32,33,33,34,34,35,35,36,36,38,38],"right_children":[2,4,6,8,10,-1,-1,12,14,16,-1,18,20,22,24,26,28,-1,-1,-1,-1,30,32,34,36,38,40,-1,-1,42,44,-1,46,48,50,52,54,-1,56,-1,-1,-1,-1,-1,-1,-1,-1,-1,-1,-1,-1,-1,-1,-1,-1,-1,-1],"split_conditions":[5.9487896E0,1.4479629E0,-5.562988E0,-2.4492805E0,2.0641332E0,-3.577879E-2,-3.2374114E-1,4.794342E-1,1.7589433E0,-2.472384E0,1.4486694E-1,-3.8768902E0,1.8951672E0,1.0401099E0,3.398773E0,1.169311E0,-4.5202795E-1,5.2584276E-2,1.594681E-1,7.757224E-2,2.3551363E-2,-1.4629829E0,-3.1527581E0,2.511598E0,-3.6864197E0,-4.414081E0,-6.633645E0,-1.6514556E-1,-5.0780896E-2,-2.4700234E0,5.1777816E0,9.974276E-2,-6.05591E-1,9.256044E-1,3.76326E0,-6.3673944E0,6.154417E0,-1.2789607E-1,-7.7867875E0,-3.577879E-2,5.167943E-2,3.2401077E-2,6.030062E-4,1.367371E-1,-8.547049E-3,-7.202848E-2,5.4229118E-2,-1.2439608E-1,-2.954705E-2,-8.028793E-3,-3.15237E-2,-2.190379E-2,-1.0912926E-3,-1.0912926E-3,3.458427E-2,-1.0912926E-3,-4.3925565E-2],"split_indices":[4,3,0,4,6,0,0,9,6,2,0,9,8,8,6,5,6,0,0,0,0,8,3,2,3,2,0,0,0,5,0,0,3,4,2,0,1,0,0,0,0,0,0,0,0,0,0,0,0,0,0,0,0,0,0,0,0],"split_type":[0,0,0,0,0,0,0,0,0,0,0,0,0,0,0,0,0,0,0,0,0,0,0,0,0,0,0,0,0,0,0,0,0,0,0,0,0,0,0,0,0,0,0,0,0,0,0,0,0,0,0,0,0,0,0,0,0],"sum_hessian":[8.9E1,8.4E1,5E0,6E1,2.4E1,1E0,4E0,1.6E1,4.4E1,2.1E1,3E0,9E0,7E0,3.2E1,1.2E1,9E0,1.2E1,2E0,7E0,5E0,2E0,1.8E1,1.4E1,7E0,5E0,5E0,4E0,1E1,2E0,6E0,1.2E1,3E0,1.1E1,3E0,4E0,2E0,3E0,2E0,3E0,1E0,3E0,2E0,4E0,1.1E1,1E0,6E0,5E0,2E0,1E0,1E0,3E0,1E0,1E0,1E0,2E0,1E0,2E0],"tree_param":{"num_deleted":"0","num_feature":"10","num_nodes":"57","size_leaf_vector":"1"}}]},"name":"gbtree"},"learner_model_param":{"base_score":"5.157303E-1","boost_from_average":"1","num_class":"0","num_feature":"10","num_target":"1"},"objective":{"name":"reg:squarederror","reg_loss_param":{"scale_pos_weight":"1"}}},"version":[2,0,3]}