{"learner":{"attributes":{"scikit_learn":"{\"_estimator_type\": \"regressor\"}"},"feature_names":[],"feature_types":[],"gradient_booster":{"model":{"gbtree_model_param":{"num_parallel_tree":"1","num_trees":"10"},"iteration_indptr":[0,1,2,3,4,5,6,7,8,9,10],"tree_info":[0,0,0,0,0,0,0,0,0,0],"trees":[{"base_weights":[5.6293277E-9,1.4259212E-1,-2.4525844E-1,4.311985E-1,-5.040366E-1,9.040028E-2,2.5350813E-2,-7.484083E-2,1.0882022E-1],"categories":[],"categories_nodes":[],"categories_segments":[],"categories_sizes":[],"default_left":[0,0,0,0,0,0,0,0,0],"id":0,"left_children":[1,3,-1,5,7,-1,-1,-1,-1],"loss_changes":[3.1824444E1,1.6266762E1,0E0,4.811595E0,1.1320066E1,0E0,0E0,0E0,0E0],"parents":[2147483647,0,0,1,1,3,3,4,4],"right_children":[2,4,-1,6,8,-1,-1,-1,-1],"split_conditions":[6.2745314E0,1.3779438E0,-2.4525844E-1,-2.3799882E0,4.475408E0,9.040028E-2,2.5350813E-2,-7.484083E-2,1.0882022E-1],"split_indices":[4,3,0,4,6,0,0,0,0],"split_type":[0,0,0,0,0,0,0,0,0],"sum_hessian":[8.9E1,8.5E1,4E0,5.9E1,2.6E1,1.5E1,4.4E1,2.3E1,3E0],"tree_param":{"num_deleted":"0","num_feature":"10","num_nodes":"9","size_leaf_vector":"1"}},{"base_weights":[-1.0614007E-3,1.3007396E-1,-2.2563775E-1,3.5686192E-1,-5.458937E-1,6.0934383E-2,2.242425E-3,-8.440006E-2,1.00658715E-1],"categories":[],"categories_nodes":[],"categories_segments":[],"categories_sizes":[],"default_left":[0,0,0,0,0,0,0,0,0],"id":1,"left_children":[1,3,-1,5,7,-1,-1,-1,-1],"loss_changes":[2.691115E1,1.3378723E1,0E0,5.4749002E0,1.1031273E1,0E0,0E0,0E0,0E0],"parents":[2147483647,0,0,1,1,3,3,4,4],"right_children":[2,4,-1,6,8,-1,-1,-1,-1],"split_conditions":[6.2745314E0,1.7938546E0,-2.2563775E-1,-3.0493048E-1,4.475408E0,6.0934383E-2,2.242425E-3,-8.440006E-2,1.00658715E-1],"split_indices":[4,3,0,4,6,0,0,0,0],"split_type":[0,0,0,0,0,0,0,0,0],"sum_hessian":[8.9E1,8.5E1,4E0,6.4E1,2.1E1,3.6E1,2.8E1,1.8E1,3E0],"tree_param":{"num_deleted":"0","num_feature":"10","num_nodes":"9","size_leaf_vector":"1"}},{"base_weights":[-2.5797267E-3,1.1799025E-1,-2.0758675E-1,3.5454404E-1,-4.1205484E-1,-1.3183142E-2,4.9187835E-2,-6.187439E-2,9.310931E-2],"categories":[],"categories_nodes":[],"categories_segments":[],"categories_sizes":[],"default_left":[0,0,0,0,0,0,0,0,0],"id":2,"left_children":[1,3,-1,5,7,-1,-1,-1,-1],"loss_changes":[2.2742792E1,1.0929131E1,0E0,4.072607E0,8.071684E0,0E0,0E0,0E0,0E0],"parents":[2147483647,0,0,1,1,3,3,4,4],"right_children":[2,4,-1,6,8,-1,-1,-1,-1],"split_conditions":[6.2745314E0,1.3779438E0,-2.0758675E-1,-5.091358E0,4.475408E0,-1.3183142E-2,4.9187835E-2,-6.187439E-2,9.310931E-2],"split_indices":[4,3,0,0,6,0,0,0,0],"split_type":[0,0,0,0,0,0,0,0,0],"sum_hessian":[8.9E1,8.5E1,4E0,5.9E1,2.6E1,1.3E1,4.6E1,2.3E1,3E0],"tree_param":{"num_deleted":"0","num_feature":"10","num_nodes":"9","size_leaf_vector":"1"}},{"base_weights":[-3.8811767E-3,1.0697307E-1,-1.909798E-1,2.94734E-1,-4.5263755E-1,7.04604E-2,1.2277092E-2,-7.054248E-2,8.612611E-2],"categories":[],"categories_nodes":[],"categories_segments":[],"categories_sizes":[],"default_left":[0,0,0,0,0,0,0,0,0],"id":3,"left_children":[1,3,-1,5,7,-1,-1,-1,-1],"loss_changes":[1.9219402E1,9.169686E0,0E0,4.4948583E0,7.914564E0,0E0,0E0,0E0,0E0],"parents":[2147483647,0,0,1,1,3,3,4,4],"right_children":[2,4,-1,6,8,-1,-1,-1,-1],"split_conditions":[6.2745314E0,1.7938546E0,-1.909798E-1,-2.1224656E0,4.475408E0,7.04604E-2,1.2277092E-2,-7.054248E-2,8.612611E-2],"split_indices":[4,3,0,4,6,0,0,0,0],"split_type":[0,0,0,0,0,0,0,0,0],"sum_hessian":[8.9E1,8.5E1,4E0,6.4E1,2.1E1,1.8E1,4.6E1,1.8E1,3E0],"tree_param":{"num_deleted":"0","num_feature":"10","num_nodes":"9","size_leaf_vector":"1"}},{"base_weights":[-4.5225807E-3,9.741905E-2,-1.7570142E-1,-4.7484466E-1,2.5588363E-1,1.36218015E-2,-8.426494E-2,3.9356697E-2,-4.1943587E-2],"categories":[],"categories_nodes":[],"categories_segments":[],"categories_sizes":[],"default_left":[0,0,0,0,0,0,0,0,0],"id":4,"left_children":[1,3,-1,5,7,-1,-1,-1,-1],"loss_changes":[1.6249834E1,7.9202886E0,0E0,4.3850675E0,6.487733E0,0E0,0E0,0E0,0E0],"parents":[2147483647,0,0,1,1,3,3,4,4],"right_children":[2,4,-1,6,8,-1,-1,-1,-1],"split_conditions":[6.2745314E0,-1.6890606E0,-1.7570142E-1,-5.796463E-1,1.7646722E0,1.36218015E-2,-8.426494E-2,3.9356697E-2,-4.1943587E-2],"split_indices":[4,5,0,3,9,0,0,0,0],"split_type":[0,0,0,0,0,0,0,0,0],"sum_hessian":[8.9E1,8.5E1,4E0,1.8E1,6.7E1,7E0,1.1E1,5.6E1,1.1E1],"tree_param":{"num_deleted":"0","num_feature":"10","num_nodes":"9","size_leaf_vector":"1"}},{"base_weights":[-6.8362304E-3,8.6825624E-2,-1.616453E-1,2.4691665E-1,-3.901172E-1,-8.628284E-2,2.9584235E-2,-6.9832705E-2,5.4816347E-2],"categories":[],"categories_nodes":[],"categories_segments":[],"categories_sizes":[],"default_left":[0,0,0,0,0,0,0,0,0],"id":5,"left_children":[1,3,-1,5,7,-1,-1,-1,-1],"loss_changes":[1.3708722E1,6.6627927E0,0E0,3.7844384E0,6.744918E0,0E0,0E0,0E0,0E0],"parents":[2147483647,0,0,1,1,3,3,4,4],"right_children":[2,4,-1,6,8,-1,-1,-1,-1],"split_conditions":[6.2745314E0,1.7938546E0,-1.616453E-1,-3.824729E0,3.1417707E-1,-8.628284E-2,2.9584235E-2,-6.9832705E-2,5.4816347E-2],"split_indices":[4,3,0,5,6,0,0,0,0],"split_type":[0,0,0,0,0,0,0,0,0],"sum_hessian":[8.9E1,8.5E1,4E0,6.4E1,2.1E1,2E0,6.2E1,1.6E1,5E0],"tree_param":{"num_deleted":"0","num_feature":"10","num_nodes":"9","size_leaf_vector":"1"}},{"base_weights":[-8.745494E-3,7.730918E-2,-1.4871368E-1,-4.2340255E-1,2.1607703E-1,9.841274E-3,-7.359959E-2,-3.7153274E-2,3.4862794E-2],"categories":[],"categories_nodes":[],"categories_segments":[],"categories_sizes":[],"default_left":[0,0,0,0,0,0,0,0,0],"id":6,"left_children":[1,3,-1,5,7,-1,-1,-1,-1],"loss_changes":[1.1564992E1,6.066999E0,0E0,3.1716344E0,5.4259233E0,0E0,0E0,0E0,0E0],"parents":[2147483647,0,0,1,1,3,3,4,4],"right_children":[2,4,-1,6,8,-1,-1,-1,-1],"split_conditions":[6.2745314E0,-1.6890606E0,-1.4871368E-1,-5.796463E-1,-1.7726606E0,9.841274E-3,-7.359959E-2,-3.7153274E-2,3.4862794E-2],"split_indices":[4,5,0,3,8,0,0,0,0],"split_type":[0,0,0,0,0,0,0,0,0],"sum_hessian":[8.9E1,8.5E1,4E0,1.8E1,6.7E1,7E0,1.1E1,1.2E1,5.5E1],"tree_param":{"num_deleted":"0","num_feature":"10","num_nodes":"9","size_leaf_vector":"1"}},{"base_weights":[-1.0257205E-2,6.881024E-2,-1.3681658E-1,1.22236654E-1,-1.0569904E-1,-3.1708706E-2,2.4020014E-2],"categories":[],"categories_nodes":[],"categories_segments":[],"categories_sizes":[],"default_left":[0,0,0,0,0,0,0],"id":7,"left_children":[1,3,-1,5,-1,-1,-1],"loss_changes":[9.757116E0,5.3018875E0,0E0,4.377569E0,0E0,0E0,0E0],"parents":[2147483647,0,0,1,1,3,3],"right_children":[2,4,-1,6,-1,-1,-1],"split_conditions":[6.2745314E0,1.1006704E1,-1.3681658E-1,-1.6890606E0,-1.0569904E-1,-3.1708706E-2,2.4020014E-2],"split_indices":[4,3,0,5,0,0,0],"split_type":[0,0,0,0,0,0,0],"sum_hessian":[8.9E1,8.5E1,4E0,8.2E1,3E0,1.7E1,6.5E1],"tree_param":{"num_deleted":"0","num_feature":"10","num_nodes":"7","size_leaf_vector":"1"}},{"base_weights":[-1.2011522E-2,6.061076E-2,-1.2587124E-1,2.7143535E-1,-1.886234E-1,4.135075E-2,-2.9558225E-2,2.5344748E-2,-3.2514226E-2],"categories":[],"categories_nodes":[],"categories_segments":[],"categories_sizes":[],"default_left":[0,0,0,0,0,0,0,0,0],"id":8,"left_children":[1,3,-1,5,7,-1,-1,-1,-1],"loss_changes":[8.224734E0,4.570042E0,0E0,3.908423E0,2.4964476E0,0E0,0E0,0E0,0E0],"parents":[2147483647,0,0,1,1,3,3,4,4],"right_children":[2,4,-1,6,8,-1,-1,-1,-1],"split_conditions":[6.2745314E0,-3.0493048E-1,-1.2587124E-1,5.876655E0,-3.1890473E0,4.135075E-2,-2.9558225E-2,2.5344748E-2,-3.2514226E-2],"split_indices":[4,4,0,0,3,0,0,0,0],"split_type":[0,0,0,0,0,0,0,0,0],"sum_hessian":[8.9E1,8.5E1,4E0,4.6E1,3.9E1,3.7E1,9E0,9E0,3E1],"tree_param":{"num_deleted":"0","num_feature":"10","num_nodes":"9","size_leaf_vector":"1"}},{"base_weights":[-1.2157573E-2,5.460344E-2,-1.1580155E0,1.8285973E-1,-3.2681757E-1,-3.4875967E-2,-1.2731396E-1,5.2034594E-2,4.253852E-3,-6.0315855E-2,5.106181E-2],"categories":[],"categories_nodes":[],"categories_segments":[],"categories_sizes":[],"default_left":[0,0,0,0,0,0,0,0,0,0,0],"id":9,